#
# There is insufficient memory for the Java Runtime Environment to continue.
# Native memory allocation (mmap) failed to map 65536 bytes. Error detail: Failed to commit metaspace.
# Possible reasons:
#   The system is out of physical RAM or swap space
#   This process is running with CompressedOops enabled, and the Java Heap may be blocking the growth of the native heap
# Possible solutions:
#   Reduce memory load on the system
#   Increase physical memory or swap space
#   Check if swap backing store is full
#   Decrease Java heap size (-Xmx/-Xms)
#   Decrease number of Java threads
#   Decrease Java thread stack sizes (-Xss)
#   Set larger code cache with -XX:ReservedCodeCacheSize=
#   JVM is running with Unscaled Compressed Oops mode in which the Java heap is
#     placed in the first 4GB address space. The Java Heap base address is the
#     maximum limit for the native heap growth. Please use -XX:HeapBaseMinAddress
#     to set the Java Heap base and to place the Java Heap above 4GB virtual address.
# This output file may be truncated or incomplete.
#
#  Out of Memory Error (virtualSpaceNode.cpp:113), pid=3116, tid=16956
#
# JRE version: OpenJDK Runtime Environment Temurin-21.0.9+10 (21.0.9+10) (build 21.0.9+10-LTS)
# Java VM: OpenJDK 64-Bit Server VM Temurin-21.0.9+10 (21.0.9+10-LTS, mixed mode, sharing, tiered, compressed oops, compressed class ptrs, parallel gc, windows-amd64)
# No core dump will be written. Minidumps are not enabled by default on client versions of Windows
#

---------------  S U M M A R Y ------------

Command Line: --add-modules=ALL-SYSTEM --add-opens=java.base/java.util=ALL-UNNAMED --add-opens=java.base/java.lang=ALL-UNNAMED --add-opens=java.base/sun.nio.fs=ALL-UNNAMED -Declipse.application=org.eclipse.jdt.ls.core.id1 -Dosgi.bundles.defaultStartLevel=4 -Declipse.product=org.eclipse.jdt.ls.core.product -Djava.import.generatesMetadataFilesAtProjectRoot=false -DDetectVMInstallationsJob.disabled=true -Dfile.encoding=utf8 -XX:+UseParallelGC -XX:GCTimeRatio=4 -XX:AdaptiveSizePolicyWeight=90 -Dsun.zip.disableMemoryMapping=true -Xmx2G -Xms100m -Xlog:disable -javaagent:c:\Users\Eyobw\.cursor\extensions\redhat.java-1.50.0-win32-x64\lombok\lombok-1.18.39-4050.jar c:\Users\Eyobw\.cursor\extensions\redhat.java-1.50.0-win32-x64\server\plugins\org.eclipse.equinox.launcher_1.7.100.v20251111-0406.jar -configuration c:\Users\Eyobw\AppData\Roaming\Cursor\User\globalStorage\redhat.java\1.50.0\config_ss_win -data c:\Users\Eyobw\AppData\Roaming\Cursor\User\workspaceStorage\d8b2d7c7dea5ad9399a945923a99e005\redhat.java\ss_ws --pipe=\\.\pipe\lsp-94ea4d9b032fc74d296bb92d5612ff4a-sock

Host: AMD Ryzen 5 5625U with Radeon Graphics         , 12 cores, 7G,  Windows 11 , 64 bit Build 22621 (10.0.22621.5415)
Time: Tue Dec  9 02:22:43 2025 E. Africa Standard Time elapsed time: 6.061009 seconds (0d 0h 0m 6s)

---------------  T H R E A D  ---------------

Current thread (0x00000150db655020):  JavaThread "Start Level: Equinox Container: f7b92bc8-4b54-437d-b9a6-48caad3ea9c4" daemon [_thread_in_vm, id=16956, stack(0x00000018ca100000,0x00000018ca200000) (1024K)]

Stack: [0x00000018ca100000,0x00000018ca200000]
Native frames: (J=compiled Java code, j=interpreted, Vv=VM code, C=native code)
V  [jvm.dll+0x6d6e29]
V  [jvm.dll+0x8b4b76]
V  [jvm.dll+0x8b712e]
V  [jvm.dll+0x8b7813]
V  [jvm.dll+0x283d86]
V  [jvm.dll+0x8b08be]
V  [jvm.dll+0x678824]
V  [jvm.dll+0x1e80ab]
V  [jvm.dll+0x1e7e6e]
V  [jvm.dll+0x67b122]
V  [jvm.dll+0x67af52]
V  [jvm.dll+0x6791fe]
V  [jvm.dll+0x26dc30]
V  [jvm.dll+0x683525]
V  [jvm.dll+0x21937e]
V  [jvm.dll+0x219825]
V  [jvm.dll+0x21a218]
V  [jvm.dll+0x20f44e]
V  [jvm.dll+0x5b5a0f]
V  [jvm.dll+0x82dee6]
V  [jvm.dll+0x478438]
V  [jvm.dll+0x47e268]
C  [java.dll+0x17ec]

Java frames: (J=compiled Java code, j=interpreted, Vv=VM code)
J 1123  java.lang.ClassLoader.defineClass1(Ljava/lang/ClassLoader;Ljava/lang/String;[BIILjava/security/ProtectionDomain;Ljava/lang/String;)Ljava/lang/Class; java.base@21.0.9 (0 bytes) @ 0x0000015087b37711 [0x0000015087b37640+0x00000000000000d1]
J 1737 c1 java.lang.ClassLoader.defineClass(Ljava/lang/String;[BIILjava/security/ProtectionDomain;)Ljava/lang/Class; java.base@21.0.9 (43 bytes) @ 0x000001508030eefc [0x000001508030eba0+0x000000000000035c]
J 2416 c1 org.eclipse.osgi.internal.loader.ModuleClassLoader.defineClass(Ljava/lang/String;[BLorg/eclipse/osgi/internal/loader/classpath/ClasspathEntry;)Lorg/eclipse/osgi/internal/loader/ModuleClassLoader$DefineClassResult; (67 bytes) @ 0x0000015080481f3c [0x0000015080481c20+0x000000000000031c]
J 2305 c1 org.eclipse.osgi.internal.loader.classpath.ClasspathManager.defineClass(Ljava/lang/String;[BLorg/eclipse/osgi/internal/loader/classpath/ClasspathEntry;Lorg/eclipse/osgi/storage/bundlefile/BundleEntry;Ljava/util/List;)Ljava/lang/Class; (636 bytes) @ 0x00000150804547e4 [0x0000015080452d40+0x0000000000001aa4]
J 2101 c1 org.eclipse.osgi.internal.loader.classpath.ClasspathManager.findClassImpl(Ljava/lang/String;Lorg/eclipse/osgi/internal/loader/classpath/ClasspathEntry;Ljava/util/List;)Ljava/lang/Class; (328 bytes) @ 0x00000150803d1914 [0x00000150803ce340+0x00000000000035d4]
J 1918 c1 org.eclipse.osgi.internal.loader.classpath.ClasspathManager.findLocalClassImpl(Ljava/lang/String;[Lorg/eclipse/osgi/internal/loader/classpath/ClasspathEntry;Ljava/util/List;)Ljava/lang/Class; (55 bytes) @ 0x0000015080372364 [0x00000150803721e0+0x0000000000000184]
J 1917 c1 org.eclipse.osgi.internal.loader.classpath.ClasspathManager.findLocalClassImpl(Ljava/lang/String;Ljava/util/List;)Ljava/lang/Class; (132 bytes) @ 0x0000015080371914 [0x00000150803713e0+0x0000000000000534]
J 2044 c1 org.eclipse.osgi.internal.loader.classpath.ClasspathManager.findLocalClass(Ljava/lang/String;)Ljava/lang/Class; (210 bytes) @ 0x00000150803a4fa4 [0x00000150803a42e0+0x0000000000000cc4]
J 1907 c1 org.eclipse.osgi.internal.loader.BundleLoader.findLocalClass(Ljava/lang/String;)Ljava/lang/Class; (159 bytes) @ 0x000001508036a3d4 [0x00000150803697e0+0x0000000000000bf4]
J 2100 c1 org.eclipse.osgi.internal.loader.sources.SingleSourcePackage.loadClass(Ljava/lang/String;)Ljava/lang/Class; (9 bytes) @ 0x00000150803cd74c [0x00000150803cd640+0x000000000000010c]
J 1857 c1 org.eclipse.osgi.internal.loader.BundleLoader.findClass0(Ljava/lang/String;ZZ)Ljava/lang/Class; (490 bytes) @ 0x0000015080349bf4 [0x0000015080346b60+0x0000000000003094]
J 1810 c1 org.eclipse.osgi.internal.loader.BundleLoader.findClass(Ljava/lang/String;)Ljava/lang/Class; (8 bytes) @ 0x000001508033154c [0x00000150803314c0+0x000000000000008c]
J 1814 c1 org.eclipse.osgi.internal.loader.ModuleClassLoader.loadClass(Ljava/lang/String;Z)Ljava/lang/Class; (36 bytes) @ 0x0000015080332fcc [0x0000015080332da0+0x000000000000022c]
J 1017 c1 java.lang.ClassLoader.loadClass(Ljava/lang/String;)Ljava/lang/Class; java.base@21.0.9 (7 bytes) @ 0x0000015080195d54 [0x0000015080195c40+0x0000000000000114]
v  ~StubRoutines::call_stub 0x000001508753100d
j  org.eclipse.jdt.internal.core.JavaModelManager$8.optionsChanged(Lorg/eclipse/osgi/service/debug/DebugOptions;)V+630
j  org.eclipse.osgi.internal.debug.FrameworkDebugOptions.addingService(Lorg/osgi/framework/ServiceReference;)Lorg/eclipse/osgi/service/debug/DebugOptionsListener;+16
j  org.eclipse.osgi.internal.debug.FrameworkDebugOptions.addingService(Lorg/osgi/framework/ServiceReference;)Ljava/lang/Object;+5
j  org.osgi.util.tracker.ServiceTracker$Tracked.customizerAdding(Lorg/osgi/framework/ServiceReference;Lorg/osgi/framework/ServiceEvent;)Ljava/lang/Object;+8
j  org.osgi.util.tracker.ServiceTracker$Tracked.customizerAdding(Ljava/lang/Object;Ljava/lang/Object;)Ljava/lang/Object;+9
j  org.osgi.util.tracker.AbstractTracked.trackAdding(Ljava/lang/Object;Ljava/lang/Object;)V+8
j  org.osgi.util.tracker.AbstractTracked.track(Ljava/lang/Object;Ljava/lang/Object;)V+83
j  org.osgi.util.tracker.ServiceTracker$Tracked.serviceChanged(Lorg/osgi/framework/ServiceEvent;)V+67
J 1786 c1 org.eclipse.osgi.internal.serviceregistry.FilteredServiceListener.serviceChanged(Lorg/osgi/framework/ServiceEvent;)V (296 bytes) @ 0x0000015080328c34 [0x0000015080326320+0x0000000000002914]
J 1897 c1 org.eclipse.osgi.internal.framework.BundleContextImpl.dispatchEvent(Ljava/lang/Object;Ljava/lang/Object;ILjava/lang/Object;)V (577 bytes) @ 0x000001508035e854 [0x000001508035af80+0x00000000000038d4]
J 2063 c1 org.eclipse.osgi.framework.eventmgr.EventManager.dispatchEvent(Ljava/util/Set;Lorg/eclipse/osgi/framework/eventmgr/EventDispatcher;ILjava/lang/Object;)V (69 bytes) @ 0x00000150803b90d4 [0x00000150803b8bc0+0x0000000000000514]
j  org.eclipse.osgi.framework.eventmgr.ListenerQueue.dispatchEventSynchronous(ILjava/lang/Object;)V+67
j  org.eclipse.osgi.internal.serviceregistry.ServiceRegistry.publishServiceEventPrivileged(Lorg/osgi/framework/ServiceEvent;)V+320
j  org.eclipse.osgi.internal.serviceregistry.ServiceRegistry.publishServiceEvent(Lorg/osgi/framework/ServiceEvent;)V+8
j  org.eclipse.osgi.internal.serviceregistry.ServiceRegistrationImpl.register(Ljava/util/Dictionary;)V+137
j  org.eclipse.osgi.internal.serviceregistry.ServiceRegistry.registerService(Lorg/eclipse/osgi/internal/framework/BundleContextImpl;[Ljava/lang/String;Ljava/lang/Object;Ljava/util/Dictionary;)Lorg/eclipse/osgi/internal/serviceregistry/ServiceRegistrationImpl;+317
j  org.eclipse.osgi.internal.framework.BundleContextImpl.registerService([Ljava/lang/String;Ljava/lang/Object;Ljava/util/Dictionary;)Lorg/osgi/framework/ServiceRegistration;+15
j  org.eclipse.osgi.internal.framework.BundleContextImpl.registerService(Ljava/lang/String;Ljava/lang/Object;Ljava/util/Dictionary;)Lorg/osgi/framework/ServiceRegistration;+15
j  org.eclipse.osgi.internal.framework.BundleContextImpl.registerService(Ljava/lang/Class;Ljava/lang/Object;Ljava/util/Dictionary;)Lorg/osgi/framework/ServiceRegistration;+7
j  org.eclipse.jdt.internal.core.JavaModelManager.registerDebugOptionsListener(Lorg/osgi/framework/BundleContext;)V+32
j  org.eclipse.jdt.core.JavaCore.start(Lorg/osgi/framework/BundleContext;)V+6
j  org.eclipse.osgi.internal.framework.BundleContextImpl$2.run()Ljava/lang/Void;+23
j  org.eclipse.osgi.internal.framework.BundleContextImpl$2.run()Ljava/lang/Object;+1
J 1161 c1 java.security.AccessController.executePrivileged(Ljava/security/PrivilegedExceptionAction;Ljava/security/AccessControlContext;Ljava/lang/Class;)Ljava/lang/Object; java.base@21.0.9 (65 bytes) @ 0x00000150801db1c4 [0x00000150801db060+0x0000000000000164]
j  java.security.AccessController.doPrivileged(Ljava/security/PrivilegedExceptionAction;)Ljava/lang/Object;+9 java.base@21.0.9
j  org.eclipse.osgi.internal.framework.BundleContextImpl.startActivator(Lorg/osgi/framework/BundleActivator;)V+9
j  org.eclipse.osgi.internal.framework.BundleContextImpl.start()V+141
j  org.eclipse.osgi.internal.framework.EquinoxBundle.startWorker0()V+35
j  org.eclipse.osgi.internal.framework.EquinoxBundle$EquinoxModule.startWorker()V+4
j  org.eclipse.osgi.container.Module.doStart([Lorg/eclipse/osgi/container/Module$StartOptions;)Lorg/eclipse/osgi/container/ModuleContainerAdaptor$ModuleEvent;+200
j  org.eclipse.osgi.container.Module.start([Lorg/eclipse/osgi/container/Module$StartOptions;)V+460
J 2339 c1 org.eclipse.osgi.framework.util.SecureAction.start(Lorg/eclipse/osgi/container/Module;[Lorg/eclipse/osgi/container/Module$StartOptions;)V (61 bytes) @ 0x000001508046649c [0x00000150804662e0+0x00000000000001bc]
J 2045 c1 org.eclipse.osgi.internal.hooks.EclipseLazyStarter.postFindLocalClass(Ljava/lang/String;Ljava/lang/Class;Lorg/eclipse/osgi/internal/loader/classpath/ClasspathManager;)V (394 bytes) @ 0x00000150803a7c94 [0x00000150803a6cc0+0x0000000000000fd4]
J 2044 c1 org.eclipse.osgi.internal.loader.classpath.ClasspathManager.findLocalClass(Ljava/lang/String;)Ljava/lang/Class; (210 bytes) @ 0x00000150803a52f4 [0x00000150803a42e0+0x0000000000001014]
J 1907 c1 org.eclipse.osgi.internal.loader.BundleLoader.findLocalClass(Ljava/lang/String;)Ljava/lang/Class; (159 bytes) @ 0x000001508036a3d4 [0x00000150803697e0+0x0000000000000bf4]
J 2100 c1 org.eclipse.osgi.internal.loader.sources.SingleSourcePackage.loadClass(Ljava/lang/String;)Ljava/lang/Class; (9 bytes) @ 0x00000150803cd74c [0x00000150803cd640+0x000000000000010c]
J 1857 c1 org.eclipse.osgi.internal.loader.BundleLoader.findClass0(Ljava/lang/String;ZZ)Ljava/lang/Class; (490 bytes) @ 0x0000015080349bf4 [0x0000015080346b60+0x0000000000003094]
J 1810 c1 org.eclipse.osgi.internal.loader.BundleLoader.findClass(Ljava/lang/String;)Ljava/lang/Class; (8 bytes) @ 0x000001508033154c [0x00000150803314c0+0x000000000000008c]
J 1814 c1 org.eclipse.osgi.internal.loader.ModuleClassLoader.loadClass(Ljava/lang/String;Z)Ljava/lang/Class; (36 bytes) @ 0x0000015080332fcc [0x0000015080332da0+0x000000000000022c]
J 1017 c1 java.lang.ClassLoader.loadClass(Ljava/lang/String;)Ljava/lang/Class; java.base@21.0.9 (7 bytes) @ 0x0000015080195d54 [0x0000015080195c40+0x0000000000000114]
v  ~StubRoutines::call_stub 0x000001508753100d
j  java.lang.Class.getDeclaredConstructors0(Z)[Ljava/lang/reflect/Constructor;+0 java.base@21.0.9
j  java.lang.Class.privateGetDeclaredConstructors(Z)[Ljava/lang/reflect/Constructor;+52 java.base@21.0.9
j  java.lang.Class.getConstructor0([Ljava/lang/Class;I)Ljava/lang/reflect/Constructor;+14 java.base@21.0.9
j  java.lang.Class.getConstructor([Ljava/lang/Class;)Ljava/lang/reflect/Constructor;+24 java.base@21.0.9
j  org.eclipse.osgi.internal.framework.BundleContextImpl.loadBundleActivator()Lorg/osgi/framework/BundleActivator;+105
j  org.eclipse.osgi.internal.framework.BundleContextImpl.start()V+18
j  org.eclipse.osgi.internal.framework.EquinoxBundle.startWorker0()V+35
j  org.eclipse.osgi.internal.framework.EquinoxBundle$EquinoxModule.startWorker()V+4
j  org.eclipse.osgi.container.Module.doStart([Lorg/eclipse/osgi/container/Module$StartOptions;)Lorg/eclipse/osgi/container/ModuleContainerAdaptor$ModuleEvent;+200
j  org.eclipse.osgi.container.Module.start([Lorg/eclipse/osgi/container/Module$StartOptions;)V+460
j  org.eclipse.osgi.container.ModuleContainer$ContainerStartLevel$2.run()V+83
j  org.eclipse.osgi.internal.framework.EquinoxContainerAdaptor$1$1.execute(Ljava/lang/Runnable;)V+1
j  org.eclipse.osgi.container.ModuleContainer$ContainerStartLevel.incStartLevel(ILjava/util/List;Z)V+193
j  org.eclipse.osgi.container.ModuleContainer$ContainerStartLevel.incStartLevel(ILjava/util/List;Ljava/util/List;Ljava/util/List;Ljava/util/List;)V+19
j  org.eclipse.osgi.container.ModuleContainer$ContainerStartLevel.doContainerStartLevel(Lorg/eclipse/osgi/container/Module;I[Lorg/osgi/framework/FrameworkListener;)V+358
j  org.eclipse.osgi.container.ModuleContainer$ContainerStartLevel.dispatchEvent(Lorg/eclipse/osgi/container/Module;[Lorg/osgi/framework/FrameworkListener;ILjava/lang/Integer;)V+32
j  org.eclipse.osgi.container.ModuleContainer$ContainerStartLevel.dispatchEvent(Ljava/lang/Object;Ljava/lang/Object;ILjava/lang/Object;)V+15
j  org.eclipse.osgi.framework.eventmgr.EventManager.dispatchEvent(Ljava/util/Set;Lorg/eclipse/osgi/framework/eventmgr/EventDispatcher;ILjava/lang/Object;)V+48
j  org.eclipse.osgi.framework.eventmgr.EventManager$EventThread.run()V+26
v  ~StubRoutines::call_stub 0x000001508753100d

Compiled method (n/a) 6239 1123     n 0       java.lang.ClassLoader::defineClass1 (native)
 total in heap  [0x0000015087b37490,0x0000015087b37918] = 1160
 relocation     [0x0000015087b375f0,0x0000015087b37628] = 56
 main code      [0x0000015087b37640,0x0000015087b37916] = 726
 stub code      [0x0000015087b37916,0x0000015087b37918] = 2

[Constant Pool (empty)]

[MachCode]
[Entry Point]
  # {method} {0x0000015094436820} 'defineClass1' '(Ljava/lang/ClassLoader;Ljava/lang/String;[BIILjava/security/ProtectionDomain;Ljava/lang/String;)Ljava/lang/Class;' in 'java/lang/ClassLoader'
  # parm0:    rdx:rdx   = 'java/lang/ClassLoader'
  # parm1:    r8:r8     = 'java/lang/String'
  # parm2:    r9:r9     = '[B'
  # parm3:    rdi       = int
  # parm4:    rsi       = int
  # parm5:    rcx:rcx   = 'java/security/ProtectionDomain'
  # parm6:    [sp+0xa0]   = 'java/lang/String'  (sp of caller)
  0x0000015087b37640: 448b 5208 | 49bb 0000 | 0094 5001 | 0000 4d03 | d349 3bc2 | 0f84 0600 

  0x0000015087b37658: ;   {runtime_call ic_miss_stub}
  0x0000015087b37658: 0000 e921 | 6ea4 ff90 
[Verified Entry Point]
  0x0000015087b37660: 8984 2400 | 80ff ff55 | 488b ec48 | 81ec 9000 | 0000 6690 | 4181 7f20 | 0100 0000 

  0x0000015087b3767c: ;   {runtime_call StubRoutines (final stubs)}
  0x0000015087b3767c: 7405 e85d | 13a3 ff48 | 837d 1000 | 488d 4510 | 480f 4445 | 1048 8944 | 2440 4889 | 4c24 7048 
  0x0000015087b3769c: 83f9 0048 | 8d44 2470 | 480f 4444 | 2470 4889 | 4424 3848 | 8974 2430 | 4889 7c24 | 284c 894c 
  0x0000015087b376bc: 2458 4983 | f900 488d | 4424 5848 | 0f44 4424 | 5848 8944 | 2420 4c89 | 4424 5049 | 83f8 004c 
  0x0000015087b376dc: 8d4c 2450 | 4c0f 444c | 2450 4889 | 5424 4848 | 83fa 004c | 8d44 2448 | 4c0f 4444 

  0x0000015087b376f8: ;   {oop(a 'java/lang/Class'{0x00000000d72c4608} = 'java/lang/ClassLoader')}
  0x0000015087b376f8: 2448 49be | 0846 2cd7 | 0000 0000 | 4c89 7424 | 784c 8d74 | 2478 498b | d6c5 f877 

  0x0000015087b37714: ;   {internal_word}
  0x0000015087b37714: 49ba 1177 | b387 5001 | 0000 4d89 | 97a0 0300 | 0049 89a7 | 9803 0000 

  0x0000015087b3772c: ;   {external_word}
  0x0000015087b3772c: 49ba cf4d | 9d8e ff7f | 0000 4180 | 3a00 0f84 | 4e00 0000 | 5241 5041 

  0x0000015087b37744: ;   {metadata({method} {0x0000015094436820} 'defineClass1' '(Ljava/lang/ClassLoader;Ljava/lang/String;[BIILjava/security/ProtectionDomain;Ljava/lang/String;)Ljava/lang/Class;' in 'java/lang/ClassLoader')}
  0x0000015087b37744: 5148 ba18 | 6843 9450 | 0100 0049 | 8bcf 4883 | ec20 40f6 | c40f 0f84 | 1900 0000 | 4883 ec08 
  0x0000015087b37764: ;   {runtime_call}
  0x0000015087b37764: 48b8 40d5 | 468e ff7f | 0000 ffd0 | 4883 c408 | e90c 0000 

  0x0000015087b37778: ;   {runtime_call}
  0x0000015087b37778: 0048 b840 | d546 8eff | 7f00 00ff | d048 83c4 | 2041 5941 | 585a 498d | 8fb8 0300 | 0041 c787 
  0x0000015087b37798: 4404 0000 | 0400 0000 

  0x0000015087b377a0: ;   {runtime_call}
  0x0000015087b377a0: 48b8 ac16 | becd ff7f | 0000 ffd0 | c5f8 7741 | c787 4404 | 0000 0500 | 0000 f083 | 4424 c000 
  0x0000015087b377c0: 493b af48 | 0400 000f | 870e 0000 | 0041 83bf | 4004 0000 | 000f 842b | 0000 00c5 | f877 4889 
  0x0000015087b377e0: 45f8 498b | cf4c 8be4 | 4883 ec20 | 4883 e4f0 

  0x0000015087b377f0: ;   {runtime_call}
  0x0000015087b377f0: 48b8 e04b | 128e ff7f | 0000 ffd0 | 498b e44d | 33e4 488b | 45f8 41c7 | 8744 0400 | 0008 0000 
  0x0000015087b37810: 0041 83bf | c004 0000 | 020f 84ca 

  0x0000015087b3781c: ;   {external_word}
  0x0000015087b3781c: 0000 0049 | bacf 4d9d | 8eff 7f00 | 0041 803a | 000f 844c | 0000 0048 

  0x0000015087b37834: ;   {metadata({method} {0x0000015094436820} 'defineClass1' '(Ljava/lang/ClassLoader;Ljava/lang/String;[BIILjava/security/ProtectionDomain;Ljava/lang/String;)Ljava/lang/Class;' in 'java/lang/ClassLoader')}
  0x0000015087b37834: 8945 f848 | ba18 6843 | 9450 0100 | 0049 8bcf | 4883 ec20 | 40f6 c40f | 0f84 1900 | 0000 4883 
  0x0000015087b37854: ;   {runtime_call}
  0x0000015087b37854: ec08 48b8 | 40d5 468e | ff7f 0000 | ffd0 4883 | c408 e90c 

  0x0000015087b37868: ;   {runtime_call}
  0x0000015087b37868: 0000 0048 | b840 d546 | 8eff 7f00 | 00ff d048 | 83c4 2048 | 8b45 f849 | c787 9803 | 0000 0000 
  0x0000015087b37888: 0000 49c7 | 87a0 0300 | 0000 0000 | 00c5 f877 | 4885 c00f | 8425 0000 | 00a8 030f | 8508 0000 
  0x0000015087b378a8: 0048 8b00 | e915 0000 | 00a8 010f | 8509 0000 | 0048 8b40 | fee9 0400 | 0000 488b | 40ff 498b 
  0x0000015087b378c8: 8f28 0400 | 00c7 8100 | 0100 0000 | 0000 00c9 | 4983 7f08 | 000f 8501 | 0000 00c3 

  0x0000015087b378e4: ;   {runtime_call StubRoutines (initial stubs)}
  0x0000015087b378e4: e917 969f | ffc5 f877 | 4889 45f8 | 4c8b e448 | 83ec 2048 

  0x0000015087b378f8: ;   {runtime_call}
  0x0000015087b378f8: 83e4 f048 | b890 0c47 | 8eff 7f00 | 00ff d049 | 8be4 4d33 | e448 8b45 | f8e9 09ff | ffff f4f4 
[/MachCode]


Compiled method (c1) 6315 1737       3       java.lang.ClassLoader::defineClass (43 bytes)
 total in heap  [0x000001508030e990,0x000001508030f2f0] = 2400
 relocation     [0x000001508030eaf0,0x000001508030eb90] = 160
 main code      [0x000001508030eba0,0x000001508030f040] = 1184
 stub code      [0x000001508030f040,0x000001508030f0b8] = 120
 metadata       [0x000001508030f0b8,0x000001508030f0e8] = 48
 scopes data    [0x000001508030f0e8,0x000001508030f1d8] = 240
 scopes pcs     [0x000001508030f1d8,0x000001508030f2b8] = 224
 dependencies   [0x000001508030f2b8,0x000001508030f2c8] = 16
 nul chk table  [0x000001508030f2c8,0x000001508030f2f0] = 40

[Constant Pool (empty)]

[MachCode]
[Entry Point]
  # {method} {0x0000015094436ba0} 'defineClass' '(Ljava/lang/String;[BIILjava/security/ProtectionDomain;)Ljava/lang/Class;' in 'java/lang/ClassLoader'
  # this:     rdx:rdx   = 'java/lang/ClassLoader'
  # parm0:    r8:r8     = 'java/lang/String'
  # parm1:    r9:r9     = '[B'
  # parm2:    rdi       = int
  # parm3:    rsi       = int
  # parm4:    rcx:rcx   = 'java/security/ProtectionDomain'
  #           [sp+0xc0]  (sp of caller)
  0x000001508030eba0: 448b 5208 | 49bb 0000 | 0094 5001 | 0000 4d03 | d34c 3bd0 

  0x000001508030ebb4: ;   {runtime_call ic_miss_stub}
  0x000001508030ebb4: 0f85 c6f8 | 2607 660f | 1f44 0000 
[Verified Entry Point]
  0x000001508030ebc0: 8984 2400 | 80ff ff55 | 4881 ecb0 | 0000 0090 | 4181 7f20 | 0100 0000 

  0x000001508030ebd8: ;   {runtime_call StubRoutines (final stubs)}
  0x000001508030ebd8: 7405 e801 | 9e25 0748 | 8954 2478 

  0x000001508030ebe4: ;   {metadata(method data for {method} {0x0000015094436ba0} 'defineClass' '(Ljava/lang/String;[BIILjava/security/ProtectionDomain;)Ljava/lang/Class;' in 'java/lang/ClassLoader')}
  0x000001508030ebe4: 48bb 8087 | 36d7 5001 | 0000 8b83 | cc00 0000 | 83c0 0289 | 83cc 0000 | 0025 fe07 | 0000 85c0 
  0x000001508030ec04: 0f84 5803 | 0000 89b4 | 2494 0000 | 0089 bc24 | 9000 0000 | 4c89 8c24 | 8800 0000 

  0x000001508030ec20: ;   {metadata(method data for {method} {0x0000015094436ba0} 'defineClass' '(Ljava/lang/String;[BIILjava/security/ProtectionDomain;)Ljava/lang/Class;' in 'java/lang/ClassLoader')}
  0x000001508030ec20: 488b da48 | b880 8736 | d750 0100 | 0048 8380 | 1001 0000 | 0149 8bd8 | 4c8b c34c | 8bc9 488b 
  0x000001508030ec40: ca48 8bd1 | 4889 9c24 | 8000 0000 

  0x000001508030ec4c: ;   {optimized virtual_call}
  0x000001508030ec4c: 6666 90e8 

  0x000001508030ec50: ; ImmutableOopMap {[120]=Oop [128]=Oop [136]=Oop }
                      ;*invokevirtual preDefineClass {reexecute=0 rethrow=0 return_oop=0}
                      ; - java.lang.ClassLoader::defineClass@4
  0x000001508030ec50: 4c7b f2ff 

  0x000001508030ec54: ;   {other}
  0x000001508030ec54: 0f1f 8400 | c402 0000 | 4889 8424 | 9800 0000 | 488b 5424 

  0x000001508030ec68: ;   {metadata(method data for {method} {0x0000015094436ba0} 'defineClass' '(Ljava/lang/String;[BIILjava/security/ProtectionDomain;)Ljava/lang/Class;' in 'java/lang/ClassLoader')}
  0x000001508030ec68: 7849 b880 | 8736 d750 | 0100 0049 | 8380 4801 

  0x000001508030ec78: ;   {metadata(method data for {method} {0x0000015094436888} 'defineClassSourceLocation' '(Ljava/security/ProtectionDomain;)Ljava/lang/String;' in 'java/lang/ClassLoader')}
  0x000001508030ec78: 0000 0149 | b898 8e36 | d750 0100 | 0041 8b90 | cc00 0000 | 83c2 0241 | 8990 cc00 | 0000 81e2 
  0x000001508030ec98: feff 1f00 | 85d2 0f84 | df02 0000 

  0x000001508030eca4: ; implicit exception: dispatches to 0x000001508030efa4
  0x000001508030eca4: 483b 004c 

  0x000001508030eca8: ;   {metadata(method data for {method} {0x0000015094436888} 'defineClassSourceLocation' '(Ljava/security/ProtectionDomain;)Ljava/lang/String;' in 'java/lang/ClassLoader')}
  0x000001508030eca8: 8bc0 48ba | 988e 36d7 | 5001 0000 | 4883 8210 | 0100 0001 | 448b 4010 

  0x000001508030ecc0: ;   {metadata(method data for {method} {0x0000015094436888} 'defineClassSourceLocation' '(Ljava/security/ProtectionDomain;)Ljava/lang/String;' in 'java/lang/ClassLoader')}
  0x000001508030ecc0: 4d85 c048 | ba98 8e36 | d750 0100 | 0048 c7c6 | 5801 0000 | 7507 48c7 | c648 0100 | 0048 8b3c 
  0x000001508030ece0: 3248 8d7f | 0148 893c | 320f 850f 

  0x000001508030ecec: ;   {oop(nullptr)}
  0x000001508030ecec: 0000 0048 | bb00 0000 | 0000 0000 | 00e9 a901 | 0000 493b | 0049 8bd0 

  0x000001508030ed04: ;   {metadata(method data for {method} {0x0000015094436888} 'defineClassSourceLocation' '(Ljava/security/ProtectionDomain;)Ljava/lang/String;' in 'java/lang/ClassLoader')}
  0x000001508030ed04: 48be 988e | 36d7 5001 | 0000 4883 | 8668 0100 | 0001 418b | 500c 4885 

  0x000001508030ed1c: ;   {metadata(method data for {method} {0x0000015094436888} 'defineClassSourceLocation' '(Ljava/security/ProtectionDomain;)Ljava/lang/String;' in 'java/lang/ClassLoader')}
  0x000001508030ed1c: d248 be98 | 8e36 d750 | 0100 0048 | c7c7 b001 | 0000 7507 | 48c7 c7a0 | 0100 0048 | 8b1c 3e48 
  0x000001508030ed3c: 8d5b 0148 | 891c 3e0f | 850f 0000 

  0x000001508030ed48: ;   {oop(nullptr)}
  0x000001508030ed48: 0048 bb00 | 0000 0000 | 0000 00e9 | 4f01 0000 

  0x000001508030ed58: ;   {metadata(method data for {method} {0x0000015094436888} 'defineClassSourceLocation' '(Ljava/security/ProtectionDomain;)Ljava/lang/String;' in 'java/lang/ClassLoader')}
  0x000001508030ed58: 48be 988e | 36d7 5001 | 0000 4883 | 86c0 0100 | 0001 483b | 024c 8bc2 

  0x000001508030ed70: ;   {metadata(method data for {method} {0x0000015094436888} 'defineClassSourceLocation' '(Ljava/security/ProtectionDomain;)Ljava/lang/String;' in 'java/lang/ClassLoader')}
  0x000001508030ed70: 48be 988e | 36d7 5001 | 0000 4883 | 86f8 0100 

  0x000001508030ed80: ;   {metadata(method data for {method} {0x000001509401abf0} 'toString' '()Ljava/lang/String;' in 'java/net/URL')}
  0x000001508030ed80: 0001 49b8 | d07f 36d7 | 5001 0000 | 418b b0cc | 0000 0083 | c602 4189 | b0cc 0000 | 0081 e6fe 
  0x000001508030eda0: ff1f 0085 | f60f 8408 | 0200 004c 

  0x000001508030edac: ;   {metadata(method data for {method} {0x000001509401abf0} 'toString' '()Ljava/lang/String;' in 'java/net/URL')}
  0x000001508030edac: 8bc2 48be | d07f 36d7 | 5001 0000 | 4883 8610 | 0100 0001 

  0x000001508030edc0: ;   {metadata(method data for {method} {0x000001509442a428} 'toExternalForm' '()Ljava/lang/String;' in 'java/net/URL')}
  0x000001508030edc0: 49b8 601a | 36d7 5001 | 0000 418b | b0cc 0000 | 0083 c602 | 4189 b0cc | 0000 0081 | e6fe ff1f 
  0x000001508030ede0: 0085 f60f | 84eb 0100 | 008b 7238 

  0x000001508030edec: ; implicit exception: dispatches to 0x000001508030eff5
  0x000001508030edec: 483b 064c 

  0x000001508030edf0: ;   {metadata(method data for {method} {0x000001509442a428} 'toExternalForm' '()Ljava/lang/String;' in 'java/net/URL')}
  0x000001508030edf0: 8bc6 48bf | 601a 36d7 | 5001 0000 | 458b 4008 | 49ba 0000 | 0094 5001 | 0000 4d03 | c24c 3b87 
  0x000001508030ee10: 2001 0000 | 750d 4883 | 8728 0100 | 0001 e960 | 0000 004c | 3b87 3001 | 0000 750d | 4883 8738 
  0x000001508030ee30: 0100 0001 | e94a 0000 | 0048 83bf | 2001 0000 | 0075 174c | 8987 2001 | 0000 48c7 | 8728 0100 
  0x000001508030ee50: 0001 0000 | 00e9 2900 | 0000 4883 | bf30 0100 | 0000 7517 | 4c89 8730 | 0100 0048 | c787 3801 
  0x000001508030ee70: 0000 0100 | 0000 e908 | 0000 0048 | 8387 1001 | 0000 014c | 8bc2 488b | d60f 1f40 | 0048 b8ff 
  0x000001508030ee90: ffff ffff 

  0x000001508030ee94: ;   {virtual_call}
  0x000001508030ee94: ffff ffe8 

  0x000001508030ee98: ; ImmutableOopMap {[120]=Oop [128]=Oop [136]=Oop [152]=Oop }
                      ;*invokevirtual toExternalForm {reexecute=0 rethrow=0 return_oop=0}
                      ; - java.net.URL::toExternalForm@5
                      ; - java.net.URL::toString@1
                      ; - java.lang.ClassLoader::defineClassSourceLocation@22
                      ; - java.lang.ClassLoader::defineClass@12
  0x000001508030ee98: 64b4 3207 

  0x000001508030ee9c: ;   {other}
  0x000001508030ee9c: 0f1f 8400 | 0c05 0001 | 488b d848 | 8b84 2498 | 0000 008b | b424 9400 | 0000 8bbc | 2490 0000 
  0x000001508030eebc: 004c 8b8c | 2488 0000 | 004c 8b84 | 2480 0000 | 0048 8b54 

  0x000001508030eed0: ;   {metadata(method data for {method} {0x0000015094436ba0} 'defineClass' '(Ljava/lang/String;[BIILjava/security/ProtectionDomain;)Ljava/lang/Class;' in 'java/lang/ClassLoader')}
  0x000001508030eed0: 2478 48b9 | 8087 36d7 | 5001 0000 | 4883 8180 | 0100 0001 | 4c8b da49 | 8bd3 488b | c848 891c 
  0x000001508030eef0: 2466 0f1f 

  0x000001508030eef4: ;   {static_call}
  0x000001508030eef4: 4400 00e8 

  0x000001508030eef8: ; ImmutableOopMap {[120]=Oop [152]=Oop }
                      ;*invokestatic defineClass1 {reexecute=0 rethrow=0 return_oop=0}
                      ; - java.lang.ClassLoader::defineClass@27
  0x000001508030eef8: 6487 8207 

  0x000001508030eefc: ;   {other}
  0x000001508030eefc: 0f1f 8400 | 6c05 0002 | 488b 5424 

  0x000001508030ef08: ;   {metadata(method data for {method} {0x0000015094436ba0} 'defineClass' '(Ljava/lang/String;[BIILjava/security/ProtectionDomain;)Ljava/lang/Class;' in 'java/lang/ClassLoader')}
  0x000001508030ef08: 7849 b880 | 8736 d750 | 0100 0049 | 8380 9001 | 0000 014c | 8bc0 4c8b | 8c24 9800 | 0000 488b 
  0x000001508030ef28: 5424 7848 | 8984 24a0 | 0000 000f 

  0x000001508030ef34: ;   {optimized virtual_call}
  0x000001508030ef34: 1f40 00e8 

  0x000001508030ef38: ; ImmutableOopMap {[160]=Oop }
                      ;*invokevirtual postDefineClass {reexecute=0 rethrow=0 return_oop=0}
                      ; - java.lang.ClassLoader::defineClass@37
  0x000001508030ef38: 64b8 f9ff 

  0x000001508030ef3c: ;   {other}
  0x000001508030ef3c: 0f1f 8400 | ac05 0003 | 488b 8424 | a000 0000 | 4881 c4b0 | 0000 005d 

  0x000001508030ef54: ;   {poll_return}
  0x000001508030ef54: 493b a748 | 0400 000f | 8799 0000 

  0x000001508030ef60: ;   {metadata({method} {0x0000015094436ba0} 'defineClass' '(Ljava/lang/String;[BIILjava/security/ProtectionDomain;)Ljava/lang/Class;' in 'java/lang/ClassLoader')}
  0x000001508030ef60: 00c3 49ba | 986b 4394 | 5001 0000 | 4c89 5424 | 0848 c704 | 24ff ffff 

  0x000001508030ef78: ;   {runtime_call counter_overflow Runtime1 stub}
  0x000001508030ef78: ffe8 8230 

  0x000001508030ef7c: ; ImmutableOopMap {rdx=Oop r8=Oop r9=Oop rcx=Oop [120]=Oop }
                      ;*synchronization entry
                      ; - java.lang.ClassLoader::defineClass@-1
  0x000001508030ef7c: 3207 e987 

  0x000001508030ef80: ;   {metadata({method} {0x0000015094436888} 'defineClassSourceLocation' '(Ljava/security/ProtectionDomain;)Ljava/lang/String;' in 'java/lang/ClassLoader')}
  0x000001508030ef80: fcff ff49 | ba80 6843 | 9450 0100 | 004c 8954 | 2408 48c7 | 0424 ffff 

  0x000001508030ef98: ;   {runtime_call counter_overflow Runtime1 stub}
  0x000001508030ef98: ffff e861 

  0x000001508030ef9c: ; ImmutableOopMap {rax=Oop [120]=Oop [128]=Oop [136]=Oop [152]=Oop }
                      ;*synchronization entry
                      ; - java.lang.ClassLoader::defineClassSourceLocation@-1
                      ; - java.lang.ClassLoader::defineClass@12
  0x000001508030ef9c: 3032 07e9 | 00fd ffff 

  0x000001508030efa4: ;   {runtime_call throw_null_pointer_exception Runtime1 stub}
  0x000001508030efa4: e857 3629 

  0x000001508030efa8: ; ImmutableOopMap {rax=Oop [120]=Oop [128]=Oop [136]=Oop [152]=Oop }
                      ;*invokevirtual getCodeSource {reexecute=0 rethrow=0 return_oop=0}
                      ; - java.lang.ClassLoader::defineClassSourceLocation@1
                      ; - java.lang.ClassLoader::defineClass@12
                      ;   {runtime_call throw_null_pointer_exception Runtime1 stub}
  0x000001508030efa8: 07e8 5236 

  0x000001508030efac: ; ImmutableOopMap {rax=Oop r8=Oop [120]=Oop [128]=Oop [136]=Oop [152]=Oop }
                      ;*invokevirtual getLocation {reexecute=0 rethrow=0 return_oop=0}
                      ; - java.lang.ClassLoader::defineClassSourceLocation@12
                      ; - java.lang.ClassLoader::defineClass@12
                      ;   {runtime_call throw_null_pointer_exception Runtime1 stub}
  0x000001508030efac: 2907 e84d 

  0x000001508030efb0: ; ImmutableOopMap {rdx=Oop [120]=Oop [128]=Oop [136]=Oop [152]=Oop }
                      ;*invokevirtual toString {reexecute=0 rethrow=0 return_oop=0}
                      ; - java.lang.ClassLoader::defineClassSourceLocation@22
                      ; - java.lang.ClassLoader::defineClass@12
                      ;   {metadata({method} {0x000001509401abf0} 'toString' '()Ljava/lang/String;' in 'java/net/URL')}
  0x000001508030efb0: 3629 0749 | bae8 ab01 | 9450 0100 | 004c 8954 | 2408 48c7 | 0424 ffff 

  0x000001508030efc8: ;   {runtime_call counter_overflow Runtime1 stub}
  0x000001508030efc8: ffff e831 

  0x000001508030efcc: ; ImmutableOopMap {rdx=Oop [120]=Oop [128]=Oop [136]=Oop [152]=Oop }
                      ;*synchronization entry
                      ; - java.net.URL::toString@-1
                      ; - java.lang.ClassLoader::defineClassSourceLocation@22
                      ; - java.lang.ClassLoader::defineClass@12
  0x000001508030efcc: 3032 07e9 | d7fd ffff 

  0x000001508030efd4: ;   {metadata({method} {0x000001509442a428} 'toExternalForm' '()Ljava/lang/String;' in 'java/net/URL')}
  0x000001508030efd4: 49ba 20a4 | 4294 5001 | 0000 4c89 | 5424 0848 | c704 24ff 

  0x000001508030efe8: ;   {runtime_call counter_overflow Runtime1 stub}
  0x000001508030efe8: ffff ffe8 

  0x000001508030efec: ; ImmutableOopMap {rdx=Oop [120]=Oop [128]=Oop [136]=Oop [152]=Oop }
                      ;*synchronization entry
                      ; - java.net.URL::toExternalForm@-1
                      ; - java.net.URL::toString@1
                      ; - java.lang.ClassLoader::defineClassSourceLocation@22
                      ; - java.lang.ClassLoader::defineClass@12
  0x000001508030efec: 1030 3207 | e9f4 fdff 

  0x000001508030eff4: ;   {runtime_call throw_null_pointer_exception Runtime1 stub}
  0x000001508030eff4: ffe8 0636 

  0x000001508030eff8: ; ImmutableOopMap {rdx=Oop rsi=Oop [120]=Oop [128]=Oop [136]=Oop [152]=Oop }
                      ;*invokevirtual toExternalForm {reexecute=0 rethrow=0 return_oop=0}
                      ; - java.net.URL::toExternalForm@5
                      ; - java.net.URL::toString@1
                      ; - java.lang.ClassLoader::defineClassSourceLocation@22
                      ; - java.lang.ClassLoader::defineClass@12
                      ;   {internal_word}
  0x000001508030eff8: 2907 49ba | 54ef 3080 | 5001 0000 | 4d89 9760 

  0x000001508030f008: ;   {runtime_call SafepointBlob}
  0x000001508030f008: 0400 00e9 | f05a 2707 | 498b 87f8 | 0400 0049 | c787 f804 | 0000 0000 | 0000 49c7 | 8700 0500 
  0x000001508030f028: 0000 0000 | 0048 81c4 | b000 0000 

  0x000001508030f034: ;   {runtime_call unwind_exception Runtime1 stub}
  0x000001508030f034: 5de9 4602 | 2907 f4f4 | f4f4 f4f4 
[Stub Code]
  0x000001508030f040: ;   {no_reloc}
  0x000001508030f040: 0f1f 4400 

  0x000001508030f044: ;   {static_stub}
  0x000001508030f044: 0048 bb00 | 0000 0000 

  0x000001508030f04c: ;   {runtime_call nmethod}
  0x000001508030f04c: 0000 00e9 | fbff ffff 

  0x000001508030f054: ;   {static_stub}
  0x000001508030f054: 48bb 0000 | 0000 0000 

  0x000001508030f05c: ;   {runtime_call nmethod}
  0x000001508030f05c: 0000 e9fb 

  0x000001508030f060: ;   {static_stub}
  0x000001508030f060: ffff ff48 | bb00 0000 | 0000 0000 

  0x000001508030f06c: ;   {runtime_call nmethod}
  0x000001508030f06c: 00e9 fbff 

  0x000001508030f070: ;   {static_stub}
  0x000001508030f070: ffff 48bb | 0000 0000 | 0000 0000 

  0x000001508030f07c: ;   {runtime_call nmethod}
  0x000001508030f07c: e9fb ffff 

  0x000001508030f080: ;   {runtime_call handle_exception_from_callee Runtime1 stub}
  0x000001508030f080: ffe8 7a17 

  0x000001508030f084: ;   {external_word}
  0x000001508030f084: 2907 48b9 | 2053 738e | ff7f 0000 | 4883 e4f0 

  0x000001508030f094: ;   {runtime_call}
  0x000001508030f094: 48b8 90b7 | 358e ff7f | 0000 ffd0 

  0x000001508030f0a0: ;   {section_word}
  0x000001508030f0a0: f449 baa1 | f030 8050 | 0100 0041 

  0x000001508030f0ac: ;   {runtime_call DeoptimizationBlob}
  0x000001508030f0ac: 52e9 ee4c | 2707 f4f4 | f4f4 f4f4 
[/MachCode]


Compiled method (c1) 6722 2416   !   3       org.eclipse.osgi.internal.loader.ModuleClassLoader::defineClass (67 bytes)
 total in heap  [0x0000015080481a10,0x00000150804825f0] = 3040
 relocation     [0x0000015080481b70,0x0000015080481c18] = 168
 main code      [0x0000015080481c20,0x0000015080482220] = 1536
 stub code      [0x0000015080482220,0x0000015080482290] = 112
 oops           [0x0000015080482290,0x0000015080482298] = 8
 metadata       [0x0000015080482298,0x00000150804822d8] = 64
 scopes data    [0x00000150804822d8,0x0000015080482428] = 336
 scopes pcs     [0x0000015080482428,0x0000015080482538] = 272
 dependencies   [0x0000015080482538,0x0000015080482550] = 24
 handler table  [0x0000015080482550,0x00000150804825c8] = 120
 nul chk table  [0x00000150804825c8,0x00000150804825f0] = 40

[Constant Pool (empty)]

[MachCode]
[Entry Point]
  # {method} {0x00000150d75dfd38} 'defineClass' '(Ljava/lang/String;[BLorg/eclipse/osgi/internal/loader/classpath/ClasspathEntry;)Lorg/eclipse/osgi/internal/loader/ModuleClassLoader$DefineClassResult;' in 'org/eclipse/osgi/internal/loader/ModuleClassLoader'
  # this:     rdx:rdx   = 'org/eclipse/osgi/internal/loader/ModuleClassLoader'
  # parm0:    r8:r8     = 'java/lang/String'
  # parm1:    r9:r9     = '[B'
  # parm2:    rdi:rdi   = 'org/eclipse/osgi/internal/loader/classpath/ClasspathEntry'
  #           [sp+0xb0]  (sp of caller)
  0x0000015080481c20: 448b 5208 | 49bb 0000 | 0094 5001 | 0000 4d03 | d34c 3bd0 

  0x0000015080481c34: ;   {runtime_call ic_miss_stub}
  0x0000015080481c34: 0f85 46c8 | 0f07 660f | 1f44 0000 
[Verified Entry Point]
  0x0000015080481c40: 8984 2400 | 80ff ff55 | 4881 eca0 | 0000 0090 | 4181 7f20 | 0100 0000 

  0x0000015080481c58: ;   {runtime_call StubRoutines (final stubs)}
  0x0000015080481c58: 7405 e881 

  0x0000015080481c5c: ;   {metadata(method data for {method} {0x00000150d75dfd38} 'defineClass' '(Ljava/lang/String;[BLorg/eclipse/osgi/internal/loader/classpath/ClasspathEntry;)Lorg/eclipse/osgi/internal/loader/ModuleClassLoader$DefineClassResult;' in 'org/eclipse/osgi/internal/loader/ModuleClassLoader')}
  0x0000015080481c5c: 6d0e 0748 | bec8 92b6 | d750 0100 | 008b 9ecc | 0000 0083 | c302 899e | cc00 0000 | 81e3 fe07 
  0x0000015080481c7c: 0000 85db | 0f84 5304 | 0000 4889 | 7c24 704c | 894c 2468 

  0x0000015080481c90: ;   {metadata(method data for {method} {0x00000150d75dfd38} 'defineClass' '(Ljava/lang/String;[BLorg/eclipse/osgi/internal/loader/classpath/ClasspathEntry;)Lorg/eclipse/osgi/internal/loader/ModuleClassLoader$DefineClassResult;' in 'org/eclipse/osgi/internal/loader/ModuleClassLoader')}
  0x0000015080481c90: 488b f248 | bbc8 92b6 | d750 0100 | 008b 7608 | 49ba 0000 | 0094 5001 | 0000 4903 | f248 3bb3 
  0x0000015080481cb0: 2001 0000 | 750d 4883 | 8328 0100 | 0001 e960 | 0000 0048 | 3bb3 3001 | 0000 750d | 4883 8338 
  0x0000015080481cd0: 0100 0001 | e94a 0000 | 0048 83bb | 2001 0000 | 0075 1748 | 89b3 2001 | 0000 48c7 | 8328 0100 
  0x0000015080481cf0: 0001 0000 | 00e9 2900 | 0000 4883 | bb30 0100 | 0000 7517 | 4889 b330 | 0100 0048 | c783 3801 
  0x0000015080481d10: 0000 0100 | 0000 e908 | 0000 0048 | 8383 1001 

  0x0000015080481d20: ;   {metadata(method data for {method} {0x00000150d76249f0} 'getClassLoadingLock' '(Ljava/lang/String;)Ljava/lang/Object;' in 'org/eclipse/osgi/internal/loader/ModuleClassLoader')}
  0x0000015080481d20: 0000 0148 | be60 2797 | d750 0100 | 008b 9ecc | 0000 0083 | c302 899e | cc00 0000 | 81e3 feff 
  0x0000015080481d40: 1f00 85db | 0f84 b003 | 0000 8b72 | 5048 3b06 

  0x0000015080481d50: ;   {metadata(method data for {method} {0x00000150d76249f0} 'getClassLoadingLock' '(Ljava/lang/String;)Ljava/lang/Object;' in 'org/eclipse/osgi/internal/loader/ModuleClassLoader')}
  0x0000015080481d50: 488b de48 | b860 2797 | d750 0100 | 0048 8380 | 1001 0000 | 0149 8bd8 | 4c8b c348 | 8954 2458 
  0x0000015080481d70: 488b d648 | 895c 2460 | 0f1f 8000 

  0x0000015080481d7c: ;   {optimized virtual_call}
  0x0000015080481d7c: 0000 00e8 

  0x0000015080481d80: ; ImmutableOopMap {[88]=Oop [96]=Oop [104]=Oop [112]=Oop }
                      ;*invokevirtual getLock {reexecute=0 rethrow=0 return_oop=0}
                      ; - org.eclipse.osgi.internal.loader.ModuleClassLoader::getClassLoadingLock@5 (line 437)
                      ; - org.eclipse.osgi.internal.loader.ModuleClassLoader::defineClass@8 (line 312)
  0x0000015080481d80: 7c37 eeff 

  0x0000015080481d84: ;   {other}
  0x0000015080481d84: 0f1f 8400 | 7403 0000 | 4889 4424 | 7848 8d94 | 2480 0000 | 0048 8bf0 | 4889 7208 

  0x0000015080481da0: ; implicit exception: dispatches to 0x0000015080482120
  0x0000015080481da0: 488b 0648 | 83c8 0148 | 8902 f048 | 0fb1 160f | 8412 0000 | 0048 2bc4 | 4825 07f0 | ffff 4889 
  0x0000015080481dc0: 020f 855e | 0300 0049 | ff87 4805 | 0000 488b 

  0x0000015080481dd0: ;   {metadata(method data for {method} {0x00000150d75dfd38} 'defineClass' '(Ljava/lang/String;[BLorg/eclipse/osgi/internal/loader/classpath/ClasspathEntry;)Lorg/eclipse/osgi/internal/loader/ModuleClassLoader$DefineClassResult;' in 'org/eclipse/osgi/internal/loader/ModuleClassLoader')}
  0x0000015080481dd0: 5424 5848 | bec8 92b6 | d750 0100 | 0048 8386 | 4801 0000 

  0x0000015080481de4: ;   {metadata(method data for {method} {0x0000015094436ca8} 'findLoadedClass' '(Ljava/lang/String;)Ljava/lang/Class;' in 'java/lang/ClassLoader')}
  0x0000015080481de4: 0148 ba80 | aa23 d750 | 0100 008b | b2cc 0000 | 0083 c602 | 89b2 cc00 | 0000 81e6 | feff 1f00 
  0x0000015080481e04: 85f6 0f84 | 2c03 0000 

  0x0000015080481e0c: ;   {metadata(method data for {method} {0x0000015094436ca8} 'findLoadedClass' '(Ljava/lang/String;)Ljava/lang/Class;' in 'java/lang/ClassLoader')}
  0x0000015080481e0c: 48ba 80aa | 23d7 5001 | 0000 4883 | 8210 0100 | 0001 488b | 5424 600f 

  0x0000015080481e24: ;   {static_call}
  0x0000015080481e24: 1f40 00e8 

  0x0000015080481e28: ; ImmutableOopMap {[88]=Oop [96]=Oop [104]=Oop [112]=Oop [120]=Oop [136]=Oop }
                      ;*invokestatic checkName {reexecute=0 rethrow=0 return_oop=0}
                      ; - java.lang.ClassLoader::findLoadedClass@1
                      ; - org.eclipse.osgi.internal.loader.ModuleClassLoader::defineClass@17 (line 313)
  0x0000015080481e28: 14b1 7107 

  0x0000015080481e2c: ;   {other}
  0x0000015080481e2c: 0f1f 8400 | 1c04 0001 

  0x0000015080481e34: ;   {metadata(method data for {method} {0x0000015094436ca8} 'findLoadedClass' '(Ljava/lang/String;)Ljava/lang/Class;' in 'java/lang/ClassLoader')}
  0x0000015080481e34: 85c0 49b8 | 80aa 23d7 | 5001 0000 | 48c7 c220 | 0100 0075 | 0748 c7c2 | 3001 0000 | 498b 3410 
  0x0000015080481e54: 488d 7601 | 4989 3410 | 0f85 0f00 

  0x0000015080481e60: ;   {oop(nullptr)}
  0x0000015080481e60: 0000 48be | 0000 0000 | 0000 0000 | e936 0000 | 0048 8b54 

  0x0000015080481e74: ;   {metadata(method data for {method} {0x0000015094436ca8} 'findLoadedClass' '(Ljava/lang/String;)Ljava/lang/Class;' in 'java/lang/ClassLoader')}
  0x0000015080481e74: 2458 49b8 | 80aa 23d7 | 5001 0000 | 4983 8040 | 0100 0001 | 4c8b 4424 | 6048 8b54 | 2458 0f1f 
  0x0000015080481e94: ;   {optimized virtual_call}
  0x0000015080481e94: 4400 00e8 

  0x0000015080481e98: ; ImmutableOopMap {[88]=Oop [96]=Oop [104]=Oop [112]=Oop [120]=Oop [136]=Oop }
                      ;*invokevirtual findLoadedClass0 {reexecute=0 rethrow=0 return_oop=0}
                      ; - java.lang.ClassLoader::findLoadedClass@11
                      ; - org.eclipse.osgi.internal.loader.ModuleClassLoader::defineClass@17 (line 313)
  0x0000015080481e98: a420 6707 

  0x0000015080481e9c: ;   {other}
  0x0000015080481e9c: 0f1f 8400 | 8c04 0002 | 488b f048 

  0x0000015080481ea8: ;   {metadata(method data for {method} {0x00000150d75dfd38} 'defineClass' '(Ljava/lang/String;[BLorg/eclipse/osgi/internal/loader/classpath/ClasspathEntry;)Lorg/eclipse/osgi/internal/loader/ModuleClassLoader$DefineClassResult;' in 'org/eclipse/osgi/internal/loader/ModuleClassLoader')}
  0x0000015080481ea8: 85f6 49b8 | c892 b6d7 | 5001 0000 | 49c7 c190 | 0100 0074 | 0749 c7c1 | 8001 0000 | 4b8b 3c08 
  0x0000015080481ec8: 488d 7f01 | 4b89 3c08 | 0f84 0e00 | 0000 488b | de41 b800 | 0000 00e9 | 6900 0000 | 488b 7c24 
  0x0000015080481ee8: 704c 8b4c | 2468 4c8b | 4424 6048 | 8b54 2458 

  0x0000015080481ef8: ; implicit exception: dispatches to 0x0000015080482159
  0x0000015080481ef8: 418b 710c 

  0x0000015080481efc: ; implicit exception: dispatches to 0x000001508048215e
  0x0000015080481efc: 483b 0748 

  0x0000015080481f00: ;   {metadata(method data for {method} {0x00000150d75dfd38} 'defineClass' '(Ljava/lang/String;[BLorg/eclipse/osgi/internal/loader/classpath/ClasspathEntry;)Lorg/eclipse/osgi/internal/loader/ModuleClassLoader$DefineClassResult;' in 'org/eclipse/osgi/internal/loader/ModuleClassLoader')}
  0x0000015080481f00: 8bcf 48bb | c892 b6d7 | 5001 0000 | 4883 83b8 | 0100 0001 | 8b4f 1048 

  0x0000015080481f18: ;   {metadata(method data for {method} {0x00000150d75dfd38} 'defineClass' '(Ljava/lang/String;[BLorg/eclipse/osgi/internal/loader/classpath/ClasspathEntry;)Lorg/eclipse/osgi/internal/loader/ModuleClassLoader$DefineClassResult;' in 'org/eclipse/osgi/internal/loader/ModuleClassLoader')}
  0x0000015080481f18: 8bfa 48bb | c892 b6d7 | 5001 0000 | 4883 83d8 | 0100 0001 | bf00 0000 | 0066 0f1f 

  0x0000015080481f34: ;   {optimized virtual_call}
  0x0000015080481f34: 4400 00e8 

  0x0000015080481f38: ; ImmutableOopMap {[120]=Oop [136]=Oop }
                      ;*invokevirtual defineClass {reexecute=0 rethrow=0 return_oop=0}
                      ; - org.eclipse.osgi.internal.loader.ModuleClassLoader::defineClass@37 (line 315)
  0x0000015080481f38: 84cc e8ff 

  0x0000015080481f3c: ;   {other}
  0x0000015080481f3c: 0f1f 8400 | 2c05 0003 | 488b d841 | b801 0000 | 0048 8d84 | 2480 0000 | 0048 8b10 | 4885 d20f 
  0x0000015080481f5c: 840f 0000 | 0048 8b70 | 08f0 480f | b116 0f85 | f301 0000 | 49ff 8f48 

  0x0000015080481f74: ;   {metadata(method data for {method} {0x00000150d75dfd38} 'defineClass' '(Ljava/lang/String;[BLorg/eclipse/osgi/internal/loader/classpath/ClasspathEntry;)Lorg/eclipse/osgi/internal/loader/ModuleClassLoader$DefineClassResult;' in 'org/eclipse/osgi/internal/loader/ModuleClassLoader')}
  0x0000015080481f74: 0500 0048 | bac8 92b6 | d750 0100 | 00ff 8210 

  0x0000015080481f84: ;   {metadata('org/eclipse/osgi/internal/loader/ModuleClassLoader$DefineClassResult')}
  0x0000015080481f84: 0200 0048 | ba18 a211 | 9550 0100 | 0049 8b87 | b801 0000 | 488d 7818 | 493b bfc8 | 0100 000f 
  0x0000015080481fa4: 87d0 0100 | 0049 89bf | b801 0000 | 48c7 0001 | 0000 0048 | 8bca 49ba | 0000 0094 | 5001 0000 
  0x0000015080481fc4: 492b ca89 | 4808 4833 | c989 480c | 4833 c948 | 8948 1048 

  0x0000015080481fd8: ;   {metadata(method data for {method} {0x00000150d75dfd38} 'defineClass' '(Ljava/lang/String;[BLorg/eclipse/osgi/internal/loader/classpath/ClasspathEntry;)Lorg/eclipse/osgi/internal/loader/ModuleClassLoader$DefineClassResult;' in 'org/eclipse/osgi/internal/loader/ModuleClassLoader')}
  0x0000015080481fd8: 8bf0 48bf | c892 b6d7 | 5001 0000 | 4883 8728 | 0200 0001 

  0x0000015080481fec: ;   {metadata(method data for {method} {0x00000150d773be40} '<init>' '(Ljava/lang/Class;Z)V' in 'org/eclipse/osgi/internal/loader/ModuleClassLoader$DefineClassResult')}
  0x0000015080481fec: 48be 5097 | b6d7 5001 | 0000 8bbe | cc00 0000 | 83c7 0289 | becc 0000 | 0081 e7fe | ff1f 0085 
  0x000001508048200c: ff0f 8473 | 0100 0048 

  0x0000015080482014: ;   {metadata(method data for {method} {0x00000150d773be40} '<init>' '(Ljava/lang/Class;Z)V' in 'org/eclipse/osgi/internal/loader/ModuleClassLoader$DefineClassResult')}
  0x0000015080482014: 8bf0 48bf | 5097 b6d7 | 5001 0000 | 4883 8710 | 0100 0001 

  0x0000015080482028: ;   {metadata(method data for {method} {0x0000015094476568} '<init>' '()V' in 'java/lang/Object')}
  0x0000015080482028: 48be 6067 | 00d7 5001 | 0000 8bbe | cc00 0000 | 83c7 0289 | becc 0000 | 0081 e7fe | ff1f 0085 
  0x0000015080482048: ff0f 8458 | 0100 004c | 8bd3 4489 | 5010 488d | 3048 c1ee | 0948 bf00 | 00f0 fb50 | 0100 00c6 
  0x0000015080482068: 043e 0041 | 83e0 0144 | 8840 0c48 | 81c4 a000 

  0x0000015080482078: ;   {poll_return}
  0x0000015080482078: 0000 5d49 | 3ba7 4804 | 0000 0f87 | 4001 0000 | c349 8b87 | f804 0000 | 4d33 d24d | 8997 f804 
  0x0000015080482098: 0000 4d33 | d24d 8997 | 0005 0000 | 488b f048 | 8d84 2480 | 0000 0048 | 8b38 4885 | ff0f 840f 
  0x00000150804820b8: 0000 0048 | 8b58 08f0 | 480f b13b | 0f85 1401 | 0000 49ff | 8f48 0500 | 0048 8bc6 | e938 0100 
  0x00000150804820d8: ;   {metadata({method} {0x00000150d75dfd38} 'defineClass' '(Ljava/lang/String;[BLorg/eclipse/osgi/internal/loader/classpath/ClasspathEntry;)Lorg/eclipse/osgi/internal/loader/ModuleClassLoader$DefineClassResult;' in 'org/eclipse/osgi/internal/loader/ModuleClassLoader')}
  0x00000150804820d8: 0049 ba30 | fd5d d750 | 0100 004c | 8954 2408 | 48c7 0424 | ffff ffff 

  0x00000150804820f0: ;   {runtime_call counter_overflow Runtime1 stub}
  0x00000150804820f0: e80b ff1a 

  0x00000150804820f4: ; ImmutableOopMap {rdx=Oop r8=Oop r9=Oop rdi=Oop }
                      ;*synchronization entry
                      ; - org.eclipse.osgi.internal.loader.ModuleClassLoader::defineClass@-1 (line 310)
  0x00000150804820f4: 07e9 8cfb 

  0x00000150804820f8: ;   {metadata({method} {0x00000150d76249f0} 'getClassLoadingLock' '(Ljava/lang/String;)Ljava/lang/Object;' in 'org/eclipse/osgi/internal/loader/ModuleClassLoader')}
  0x00000150804820f8: ffff 49ba | e849 62d7 | 5001 0000 | 4c89 5424 | 0848 c704 | 24ff ffff 

  0x0000015080482110: ;   {runtime_call counter_overflow Runtime1 stub}
  0x0000015080482110: ffe8 eafe 

  0x0000015080482114: ; ImmutableOopMap {rdx=Oop r8=Oop [104]=Oop [112]=Oop }
                      ;*synchronization entry
                      ; - org.eclipse.osgi.internal.loader.ModuleClassLoader::getClassLoadingLock@-1 (line 437)
                      ; - org.eclipse.osgi.internal.loader.ModuleClassLoader::defineClass@8 (line 312)
  0x0000015080482114: 1a07 e92f 

  0x0000015080482118: ;   {runtime_call throw_null_pointer_exception Runtime1 stub}
  0x0000015080482118: fcff ffe8 

  0x000001508048211c: ; ImmutableOopMap {rdx=Oop r8=Oop rsi=Oop [104]=Oop [112]=Oop }
                      ;*invokevirtual getLock {reexecute=0 rethrow=0 return_oop=0}
                      ; - org.eclipse.osgi.internal.loader.ModuleClassLoader::getClassLoadingLock@5 (line 437)
                      ; - org.eclipse.osgi.internal.loader.ModuleClassLoader::defineClass@8 (line 312)
  0x000001508048211c: e004 1207 

  0x0000015080482120: ;   {runtime_call throw_null_pointer_exception Runtime1 stub}
  0x0000015080482120: e8db 0412 

  0x0000015080482124: ; ImmutableOopMap {rsi=Oop [88]=Oop [96]=Oop [104]=Oop [112]=Oop [120]=Oop }
                      ;*monitorenter {reexecute=0 rethrow=0 return_oop=0}
                      ; - org.eclipse.osgi.internal.loader.ModuleClassLoader::defineClass@14 (line 312)
  0x0000015080482124: 0748 8974 | 2408 4889 

  0x000001508048212c: ;   {runtime_call monitorenter_nofpu Runtime1 stub}
  0x000001508048212c: 1424 e84d 

  0x0000015080482130: ; ImmutableOopMap {rsi=Oop [88]=Oop [96]=Oop [104]=Oop [112]=Oop [120]=Oop [136]=Oop }
                      ;*monitorenter {reexecute=0 rethrow=0 return_oop=0}
                      ; - org.eclipse.osgi.internal.loader.ModuleClassLoader::defineClass@14 (line 312)
  0x0000015080482130: e71a 07e9 | 96fc ffff 

  0x0000015080482138: ;   {metadata({method} {0x0000015094436ca8} 'findLoadedClass' '(Ljava/lang/String;)Ljava/lang/Class;' in 'java/lang/ClassLoader')}
  0x0000015080482138: 49ba a06c | 4394 5001 | 0000 4c89 | 5424 0848 | c704 24ff 

  0x000001508048214c: ;   {runtime_call counter_overflow Runtime1 stub}
  0x000001508048214c: ffff ffe8 

  0x0000015080482150: ; ImmutableOopMap {[88]=Oop [96]=Oop [104]=Oop [112]=Oop [120]=Oop [136]=Oop }
                      ;*synchronization entry
                      ; - java.lang.ClassLoader::findLoadedClass@-1
                      ; - org.eclipse.osgi.internal.loader.ModuleClassLoader::defineClass@17 (line 313)
  0x0000015080482150: acfe 1a07 | e9b3 fcff 

  0x0000015080482158: ;   {runtime_call throw_null_pointer_exception Runtime1 stub}
  0x0000015080482158: ffe8 a204 

  0x000001508048215c: ; ImmutableOopMap {rdx=Oop r8=Oop r9=Oop rdi=Oop [120]=Oop [136]=Oop }
                      ;*arraylength {reexecute=0 rethrow=0 return_oop=0}
                      ; - org.eclipse.osgi.internal.loader.ModuleClassLoader::defineClass@32 (line 315)
                      ;   {runtime_call throw_null_pointer_exception Runtime1 stub}
  0x000001508048215c: 1207 e89d 

  0x0000015080482160: ; ImmutableOopMap {rdx=Oop r8=Oop r9=Oop rdi=Oop [120]=Oop [136]=Oop }
                      ;*invokevirtual getDomain {reexecute=0 rethrow=0 return_oop=0}
                      ; - org.eclipse.osgi.internal.loader.ModuleClassLoader::defineClass@34 (line 315)
  0x0000015080482160: 0412 0748 | 8d84 2480 | 0000 0048 

  0x000001508048216c: ;   {runtime_call monitorexit_nofpu Runtime1 stub}
  0x000001508048216c: 8904 24e8 | 0ced 1a07 | e9fe fdff | ff48 8bd2 

  0x000001508048217c: ;   {runtime_call fast_new_instance Runtime1 stub}
  0x000001508048217c: e87f fb11 

  0x0000015080482180: ; ImmutableOopMap {rbx=Oop }
                      ;*new {reexecute=0 rethrow=0 return_oop=0}
                      ; - org.eclipse.osgi.internal.loader.ModuleClassLoader::defineClass@55 (line 319)
  0x0000015080482180: 07e9 51fe 

  0x0000015080482184: ;   {metadata({method} {0x00000150d773be40} '<init>' '(Ljava/lang/Class;Z)V' in 'org/eclipse/osgi/internal/loader/ModuleClassLoader$DefineClassResult')}
  0x0000015080482184: ffff 49ba | 38be 73d7 | 5001 0000 | 4c89 5424 | 0848 c704 | 24ff ffff 

  0x000001508048219c: ;   {runtime_call counter_overflow Runtime1 stub}
  0x000001508048219c: ffe8 5efe 

  0x00000150804821a0: ; ImmutableOopMap {rbx=Oop rax=Oop }
                      ;*synchronization entry
                      ; - org.eclipse.osgi.internal.loader.ModuleClassLoader$DefineClassResult::<init>@-1 (line 96)
                      ; - org.eclipse.osgi.internal.loader.ModuleClassLoader::defineClass@63 (line 319)
  0x00000150804821a0: 1a07 e96c 

  0x00000150804821a4: ;   {metadata({method} {0x0000015094476568} '<init>' '()V' in 'java/lang/Object')}
  0x00000150804821a4: feff ff49 | ba60 6547 | 9450 0100 | 004c 8954 | 2408 48c7 | 0424 ffff 

  0x00000150804821bc: ;   {runtime_call counter_overflow Runtime1 stub}
  0x00000150804821bc: ffff e83d 

  0x00000150804821c0: ; ImmutableOopMap {rbx=Oop rax=Oop }
                      ;*synchronization entry
                      ; - java.lang.Object::<init>@-1
                      ; - org.eclipse.osgi.internal.loader.ModuleClassLoader$DefineClassResult::<init>@1 (line 96)
                      ; - org.eclipse.osgi.internal.loader.ModuleClassLoader::defineClass@63 (line 319)
  0x00000150804821c0: fe1a 07e9 | 87fe ffff 

  0x00000150804821c8: ;   {internal_word}
  0x00000150804821c8: 49ba 7b20 | 4880 5001 | 0000 4d89 | 9760 0400 

  0x00000150804821d8: ;   {runtime_call SafepointBlob}
  0x00000150804821d8: 00e9 2229 | 1007 488d | 8424 8000 | 0000 4889 

  0x00000150804821e8: ;   {runtime_call monitorexit_nofpu Runtime1 stub}
  0x00000150804821e8: 0424 e891 | ec1a 07e9 | ddfe ffff | 498b 87f8 | 0400 0049 | c787 f804 | 0000 0000 | 0000 49c7 
  0x0000015080482208: 8700 0500 | 0000 0000 | 0048 81c4 | a000 0000 

  0x0000015080482218: ;   {runtime_call unwind_exception Runtime1 stub}
  0x0000015080482218: 5de9 62d0 | 1107 f4f4 
[Stub Code]
  0x0000015080482220: ;   {no_reloc}
  0x0000015080482220: 48bb 0000 | 0000 0000 

  0x0000015080482228: ;   {runtime_call nmethod}
  0x0000015080482228: 0000 e9fb 

  0x000001508048222c: ;   {static_stub}
  0x000001508048222c: ffff ff48 | bb00 0000 | 0000 0000 

  0x0000015080482238: ;   {runtime_call nmethod}
  0x0000015080482238: 00e9 fbff 

  0x000001508048223c: ;   {static_stub}
  0x000001508048223c: ffff 48bb | 0000 0000 | 0000 0000 

  0x0000015080482248: ;   {runtime_call nmethod}
  0x0000015080482248: e9fb ffff 

  0x000001508048224c: ;   {static_stub}
  0x000001508048224c: ff48 bb00 | 0000 0000 

  0x0000015080482254: ;   {runtime_call nmethod}
  0x0000015080482254: 0000 00e9 | fbff ffff 
[Exception Handler]
  0x000001508048225c: ;   {runtime_call handle_exception_from_callee Runtime1 stub}
  0x000001508048225c: e89f e511 

  0x0000015080482260: ;   {external_word}
  0x0000015080482260: 0748 b920 | 5373 8eff | 7f00 0048 

  0x000001508048226c: ;   {runtime_call}
  0x000001508048226c: 83e4 f048 | b890 b735 | 8eff 7f00 | 00ff d0f4 
[Deopt Handler Code]
  0x000001508048227c: ;   {section_word}
  0x000001508048227c: 49ba 7c22 | 4880 5001 | 0000 4152 

  0x0000015080482288: ;   {runtime_call DeoptimizationBlob}
  0x0000015080482288: e913 1b10 | 07f4 f4f4 
[/MachCode]


---------------  P R O C E S S  ---------------

Threads class SMR info:
_java_thread_list=0x00000150db93a8c0, length=18, elements={
0x00000150fc964240, 0x00000150fca043e0, 0x00000150935fd6f0, 0x00000150fca059f0,
0x00000150fca06900, 0x00000150fca0a5d0, 0x00000150fca0b020, 0x00000150fca0be50,
0x00000150fca1ced0, 0x00000150d5cfd170, 0x00000150d5dff140, 0x00000150db307f20,
0x00000150db6549c0, 0x00000150db655020, 0x00000150db470ee0, 0x00000150db74e1b0,
0x00000150dbb72450, 0x00000150dbb72f20
}

Java Threads: ( => current thread )
  0x00000150fc964240 JavaThread "main"                              [_thread_blocked, id=34660, stack(0x00000018c8b00000,0x00000018c8c00000) (1024K)]
  0x00000150fca043e0 JavaThread "Reference Handler"          daemon [_thread_blocked, id=3148, stack(0x00000018c8f00000,0x00000018c9000000) (1024K)]
  0x00000150935fd6f0 JavaThread "Finalizer"                  daemon [_thread_blocked, id=1564, stack(0x00000018c9000000,0x00000018c9100000) (1024K)]
  0x00000150fca059f0 JavaThread "Signal Dispatcher"          daemon [_thread_blocked, id=33860, stack(0x00000018c9100000,0x00000018c9200000) (1024K)]
  0x00000150fca06900 JavaThread "Attach Listener"            daemon [_thread_blocked, id=34256, stack(0x00000018c9200000,0x00000018c9300000) (1024K)]
  0x00000150fca0a5d0 JavaThread "Service Thread"             daemon [_thread_blocked, id=17136, stack(0x00000018c9300000,0x00000018c9400000) (1024K)]
  0x00000150fca0b020 JavaThread "Monitor Deflation Thread"   daemon [_thread_blocked, id=33768, stack(0x00000018c9400000,0x00000018c9500000) (1024K)]
  0x00000150fca0be50 JavaThread "C2 CompilerThread0"         daemon [_thread_blocked, id=25840, stack(0x00000018c9500000,0x00000018c9600000) (1024K)]
  0x00000150fca1ced0 JavaThread "C1 CompilerThread0"         daemon [_thread_blocked, id=32336, stack(0x00000018c9600000,0x00000018c9700000) (1024K)]
  0x00000150d5cfd170 JavaThread "Common-Cleaner"             daemon [_thread_blocked, id=20400, stack(0x00000018c9700000,0x00000018c9800000) (1024K)]
  0x00000150d5dff140 JavaThread "Notification Thread"        daemon [_thread_blocked, id=25284, stack(0x00000018c9800000,0x00000018c9900000) (1024K)]
  0x00000150db307f20 JavaThread "Active Thread: Equinox Container: f7b92bc8-4b54-437d-b9a6-48caad3ea9c4"        [_thread_blocked, id=29840, stack(0x00000018c9f00000,0x00000018ca000000) (1024K)]
  0x00000150db6549c0 JavaThread "Framework Event Dispatcher: Equinox Container: f7b92bc8-4b54-437d-b9a6-48caad3ea9c4" daemon [_thread_blocked, id=16108, stack(0x00000018ca000000,0x00000018ca100000) (1024K)]
=>0x00000150db655020 JavaThread "Start Level: Equinox Container: f7b92bc8-4b54-437d-b9a6-48caad3ea9c4" daemon [_thread_in_vm, id=16956, stack(0x00000018ca100000,0x00000018ca200000) (1024K)]
  0x00000150db470ee0 JavaThread "SCR Component Actor"        daemon [_thread_blocked, id=15984, stack(0x00000018ca300000,0x00000018ca400000) (1024K)]
  0x00000150db74e1b0 JavaThread "Worker-JM"                         [_thread_blocked, id=12960, stack(0x00000018ca400000,0x00000018ca500000) (1024K)]
  0x00000150dbb72450 JavaThread "Worker-0"                          [_thread_blocked, id=31032, stack(0x00000018ca700000,0x00000018ca800000) (1024K)]
  0x00000150dbb72f20 JavaThread "Worker-1"                          [_thread_blocked, id=32360, stack(0x00000018ca800000,0x00000018ca900000) (1024K)]
Total: 18

Other Threads:
  0x00000150fc9ff9b0 VMThread "VM Thread"                           [id=33520, stack(0x00000018c8e00000,0x00000018c8f00000) (1024K)] _threads_hazard_ptr=0x00000150db93a8c0
  0x00000150934dca00 WatcherThread "VM Periodic Task Thread"        [id=24524, stack(0x00000018c8d00000,0x00000018c8e00000) (1024K)]
  0x00000150fc981580 WorkerThread "GC Thread#0"                     [id=33344, stack(0x00000018c8c00000,0x00000018c8d00000) (1024K)]
  0x00000150db384900 WorkerThread "GC Thread#1"                     [id=32764, stack(0x00000018c9900000,0x00000018c9a00000) (1024K)]
  0x00000150db328180 WorkerThread "GC Thread#2"                     [id=33664, stack(0x00000018c9a00000,0x00000018c9b00000) (1024K)]
  0x00000150db0c8690 WorkerThread "GC Thread#3"                     [id=9144, stack(0x00000018c9b00000,0x00000018c9c00000) (1024K)]
  0x00000150db0c8a30 WorkerThread "GC Thread#4"                     [id=4592, stack(0x00000018c9c00000,0x00000018c9d00000) (1024K)]
  0x00000150db19f070 WorkerThread "GC Thread#5"                     [id=3580, stack(0x00000018c9d00000,0x00000018c9e00000) (1024K)]
  0x00000150db19de50 WorkerThread "GC Thread#6"                     [id=26928, stack(0x00000018c9e00000,0x00000018c9f00000) (1024K)]
  0x00000150db19e1f0 WorkerThread "GC Thread#7"                     [id=19276, stack(0x00000018ca200000,0x00000018ca300000) (1024K)]
  0x00000150db19e590 WorkerThread "GC Thread#8"                     [id=2984, stack(0x00000018ca500000,0x00000018ca600000) (1024K)]
  0x00000150db19e930 WorkerThread "GC Thread#9"                     [id=10312, stack(0x00000018ca600000,0x00000018ca700000) (1024K)]
Total: 12

Threads with active compile tasks:
C2 CompilerThread0  7129 2550       4       org.lombokweb.asm.ClassReader::readMethod (1070 bytes)
Total: 1

VM state: synchronizing (normal execution)

VM Mutex/Monitor currently owned by a thread:  ([mutex/lock_event])
[0x00007fff8e9eb4f0] Metaspace_lock - owner thread: 0x00000150db655020
[0x00007fff8e9ed570] Threads_lock - owner thread: 0x00000150fc9ff9b0

Heap address: 0x0000000080000000, size: 2048 MB, Compressed Oops mode: 32-bit

CDS archive(s) mapped at: [0x0000015094000000-0x0000015094ba0000-0x0000015094ba0000), size 12189696, SharedBaseAddress: 0x0000015094000000, ArchiveRelocationMode: 1.
Compressed class space mapped at: 0x0000015095000000-0x00000150d5000000, reserved size: 1073741824
Narrow klass base: 0x0000015094000000, Narrow klass shift: 0, Narrow klass range: 0x100000000

GC Precious Log:
 CardTable entry size: 512
 CPUs: 12 total, 12 available
 Memory: 7488M
 Large Page Support: Disabled
 NUMA Support: Disabled
 Compressed Oops: Enabled (32-bit)
 Alignments: Space 512K, Generation 512K, Heap 2M
 Heap Min Capacity: 100M
 Heap Initial Capacity: 100M
 Heap Max Capacity: 2G
 Pre-touch: Disabled
 Parallel Workers: 10

Heap:
 PSYoungGen      total 29696K, used 21607K [0x00000000d5580000, 0x00000000d7680000, 0x0000000100000000)
  eden space 25600K, 68% used [0x00000000d5580000,0x00000000d669f738,0x00000000d6e80000)
  from space 4096K, 99% used [0x00000000d7280000,0x00000000d767a598,0x00000000d7680000)
  to   space 4096K, 0% used [0x00000000d6e80000,0x00000000d6e80000,0x00000000d7280000)
 ParOldGen       total 68608K, used 5332K [0x0000000080000000, 0x0000000084300000, 0x00000000d5580000)
  object space 68608K, 7% used [0x0000000080000000,0x00000000805350b0,0x0000000084300000)
 Metaspace       used 19034K, committed 19648K, reserved 1114112K
  class space    used 1876K, committed 2176K, reserved 1048576K

Card table byte_map: [0x00000150fc300000,0x00000150fc710000] _byte_map_base: 0x00000150fbf00000

Marking Bits: (ParMarkBitMap*) 0x00007fff8e9f2460
 Begin Bits: [0x000001508f000000, 0x0000015091000000)
 End Bits:   [0x0000015091000000, 0x0000015093000000)

Polling page: 0x00000150fa7c0000

Metaspace:

Usage:
  Non-class:     16.76 MB used.
      Class:      1.83 MB used.
       Both:     18.59 MB used.

Virtual space:
  Non-class space:       64.00 MB reserved,      17.06 MB ( 27%) committed,  1 nodes.
      Class space:        1.00 GB reserved,       2.12 MB ( <1%) committed,  1 nodes.
             Both:        1.06 GB reserved,      19.19 MB (  2%) committed. 

Chunk freelists:
   Non-Class:  14.05 MB
       Class:  13.92 MB
        Both:  27.97 MB

MaxMetaspaceSize: unlimited
CompressedClassSpaceSize: 1.00 GB
Initial GC threshold: 21.00 MB
Current GC threshold: 21.00 MB
CDS: on
 - commit_granule_bytes: 65536.
 - commit_granule_words: 8192.
 - virtual_space_node_default_size: 8388608.
 - enlarge_chunks_in_place: 1.
 - use_allocation_guard: 0.


Internal statistics:

num_allocs_failed_limit: 0.
num_arena_births: 476.
num_arena_deaths: 0.
num_vsnodes_births: 2.
num_vsnodes_deaths: 0.
num_space_committed: 307.
num_space_uncommitted: 0.
num_chunks_returned_to_freelist: 0.
num_chunks_taken_from_freelist: 1182.
num_chunk_merges: 0.
num_chunk_splits: 770.
num_chunks_enlarged: 482.
num_inconsistent_stats: 0.

CodeHeap 'non-profiled nmethods': size=120000Kb used=1031Kb max_used=1031Kb free=118968Kb
 bounds [0x0000015087ad0000, 0x0000015087d40000, 0x000001508f000000]
CodeHeap 'profiled nmethods': size=120000Kb used=5005Kb max_used=5005Kb free=114994Kb
 bounds [0x0000015080000000, 0x00000150804f0000, 0x0000015087530000]
CodeHeap 'non-nmethods': size=5760Kb used=1294Kb max_used=1304Kb free=4465Kb
 bounds [0x0000015087530000, 0x00000150877a0000, 0x0000015087ad0000]
CodeCache: size=245760Kb, used=7330Kb, max_used=7340Kb, free=238427Kb
 total_blobs=3125, nmethods=2553, adapters=478, full_count=0
Compilation: enabled, stopped_count=0, restarted_count=0

Compilation events (20 events):
Event: 5.909 Thread 0x00000150fca1ced0 2548       3       org.lombokweb.asm.ClassReader::<init> (359 bytes)
Event: 5.910 Thread 0x00000150fca0be50 nmethod 2547 0x0000015087bd1410 code [0x0000015087bd15a0, 0x0000015087bd1730]
Event: 5.910 Thread 0x00000150fca1ced0 nmethod 2548 0x00000150804d6d90 code [0x00000150804d7080, 0x00000150804d8240]
Event: 5.911 Thread 0x00000150fca1ced0 2549 %     3       org.lombokweb.asm.SymbolTable::<init> @ 98 (554 bytes)
Event: 5.913 Thread 0x00000150fca0be50 2550       4       org.lombokweb.asm.ClassReader::readMethod (1070 bytes)
Event: 5.915 Thread 0x00000150fca1ced0 nmethod 2549% 0x00000150804d8810 code [0x00000150804d8e20, 0x00000150804dbab0]
Event: 5.926 Thread 0x00000150fca1ced0 2551       3       org.lombokweb.asm.MethodVisitor::visitLineNumber (17 bytes)
Event: 5.926 Thread 0x00000150fca1ced0 nmethod 2551 0x00000150804dcd10 code [0x00000150804dcec0, 0x00000150804dd0c8]
Event: 6.010 Thread 0x00000150fca1ced0 2553       3       org.lombokweb.asm.SymbolTable::<init> (554 bytes)
Event: 6.015 Thread 0x00000150fca1ced0 nmethod 2553 0x00000150804dd190 code [0x00000150804dd760, 0x00000150804e00a8]
Event: 6.015 Thread 0x00000150fca1ced0 2559       3       org.lombokweb.asm.MethodWriter::visitLabel (332 bytes)
Event: 6.016 Thread 0x00000150fca1ced0 nmethod 2559 0x00000150804e1310 code [0x00000150804e1560, 0x00000150804e1e58]
Event: 6.016 Thread 0x00000150fca1ced0 2555       3       java.util.regex.Matcher::match (154 bytes)
Event: 6.017 Thread 0x00000150fca1ced0 nmethod 2555 0x00000150804e2090 code [0x00000150804e22a0, 0x00000150804e2828]
Event: 6.017 Thread 0x00000150fca1ced0 2558       3       org.lombokweb.asm.Label::addForwardReference (102 bytes)
Event: 6.017 Thread 0x00000150fca1ced0 nmethod 2558 0x00000150804e2a90 code [0x00000150804e2c60, 0x00000150804e30c0]
Event: 6.017 Thread 0x00000150fca1ced0 2557       1       lombok.patcher.MethodLogistics::getReturnOpcode (5 bytes)
Event: 6.018 Thread 0x00000150fca1ced0 nmethod 2557 0x0000015087bd1890 code [0x0000015087bd1a20, 0x0000015087bd1ae8]
Event: 6.018 Thread 0x00000150fca1ced0 2556       3       java.util.regex.Pattern$BranchConn::match (11 bytes)
Event: 6.018 Thread 0x00000150fca1ced0 nmethod 2556 0x00000150804e3290 code [0x00000150804e3440, 0x00000150804e3618]

GC Heap History (8 events):
Event: 1.678 GC heap before
{Heap before GC invocations=1 (full 0):
 PSYoungGen      total 29696K, used 25600K [0x00000000d5580000, 0x00000000d7680000, 0x0000000100000000)
  eden space 25600K, 100% used [0x00000000d5580000,0x00000000d6e80000,0x00000000d6e80000)
  from space 4096K, 0% used [0x00000000d7280000,0x00000000d7280000,0x00000000d7680000)
  to   space 4096K, 0% used [0x00000000d6e80000,0x00000000d6e80000,0x00000000d7280000)
 ParOldGen       total 68608K, used 0K [0x0000000080000000, 0x0000000084300000, 0x00000000d5580000)
  object space 68608K, 0% used [0x0000000080000000,0x0000000080000000,0x0000000084300000)
 Metaspace       used 4335K, committed 4608K, reserved 1114112K
  class space    used 472K, committed 576K, reserved 1048576K
}
Event: 1.700 GC heap after
{Heap after GC invocations=1 (full 0):
 PSYoungGen      total 29696K, used 3312K [0x00000000d5580000, 0x00000000d7680000, 0x0000000100000000)
  eden space 25600K, 0% used [0x00000000d5580000,0x00000000d5580000,0x00000000d6e80000)
  from space 4096K, 80% used [0x00000000d6e80000,0x00000000d71bc148,0x00000000d7280000)
  to   space 4096K, 0% used [0x00000000d7280000,0x00000000d7280000,0x00000000d7680000)
 ParOldGen       total 68608K, used 8K [0x0000000080000000, 0x0000000084300000, 0x00000000d5580000)
  object space 68608K, 0% used [0x0000000080000000,0x0000000080002000,0x0000000084300000)
 Metaspace       used 4335K, committed 4608K, reserved 1114112K
  class space    used 472K, committed 576K, reserved 1048576K
}
Event: 2.931 GC heap before
{Heap before GC invocations=2 (full 0):
 PSYoungGen      total 29696K, used 28912K [0x00000000d5580000, 0x00000000d7680000, 0x0000000100000000)
  eden space 25600K, 100% used [0x00000000d5580000,0x00000000d6e80000,0x00000000d6e80000)
  from space 4096K, 80% used [0x00000000d6e80000,0x00000000d71bc148,0x00000000d7280000)
  to   space 4096K, 0% used [0x00000000d7280000,0x00000000d7280000,0x00000000d7680000)
 ParOldGen       total 68608K, used 8K [0x0000000080000000, 0x0000000084300000, 0x00000000d5580000)
  object space 68608K, 0% used [0x0000000080000000,0x0000000080002000,0x0000000084300000)
 Metaspace       used 8163K, committed 8448K, reserved 1114112K
  class space    used 871K, committed 1024K, reserved 1048576K
}
Event: 2.941 GC heap after
{Heap after GC invocations=2 (full 0):
 PSYoungGen      total 29696K, used 4093K [0x00000000d5580000, 0x00000000d7680000, 0x0000000100000000)
  eden space 25600K, 0% used [0x00000000d5580000,0x00000000d5580000,0x00000000d6e80000)
  from space 4096K, 99% used [0x00000000d7280000,0x00000000d767f680,0x00000000d7680000)
  to   space 4096K, 0% used [0x00000000d6e80000,0x00000000d6e80000,0x00000000d7280000)
 ParOldGen       total 68608K, used 870K [0x0000000080000000, 0x0000000084300000, 0x00000000d5580000)
  object space 68608K, 1% used [0x0000000080000000,0x00000000800d9830,0x0000000084300000)
 Metaspace       used 8163K, committed 8448K, reserved 1114112K
  class space    used 871K, committed 1024K, reserved 1048576K
}
Event: 4.261 GC heap before
{Heap before GC invocations=3 (full 0):
 PSYoungGen      total 29696K, used 29693K [0x00000000d5580000, 0x00000000d7680000, 0x0000000100000000)
  eden space 25600K, 100% used [0x00000000d5580000,0x00000000d6e80000,0x00000000d6e80000)
  from space 4096K, 99% used [0x00000000d7280000,0x00000000d767f680,0x00000000d7680000)
  to   space 4096K, 0% used [0x00000000d6e80000,0x00000000d6e80000,0x00000000d7280000)
 ParOldGen       total 68608K, used 870K [0x0000000080000000, 0x0000000084300000, 0x00000000d5580000)
  object space 68608K, 1% used [0x0000000080000000,0x00000000800d9830,0x0000000084300000)
 Metaspace       used 13000K, committed 13632K, reserved 1114112K
  class space    used 1382K, committed 1664K, reserved 1048576K
}
Event: 4.269 GC heap after
{Heap after GC invocations=3 (full 0):
 PSYoungGen      total 29696K, used 4086K [0x00000000d5580000, 0x00000000d7680000, 0x0000000100000000)
  eden space 25600K, 0% used [0x00000000d5580000,0x00000000d5580000,0x00000000d6e80000)
  from space 4096K, 99% used [0x00000000d6e80000,0x00000000d727daa0,0x00000000d7280000)
  to   space 4096K, 0% used [0x00000000d7280000,0x00000000d7280000,0x00000000d7680000)
 ParOldGen       total 68608K, used 2647K [0x0000000080000000, 0x0000000084300000, 0x00000000d5580000)
  object space 68608K, 3% used [0x0000000080000000,0x0000000080295c38,0x0000000084300000)
 Metaspace       used 13000K, committed 13632K, reserved 1114112K
  class space    used 1382K, committed 1664K, reserved 1048576K
}
Event: 5.340 GC heap before
{Heap before GC invocations=4 (full 0):
 PSYoungGen      total 29696K, used 29686K [0x00000000d5580000, 0x00000000d7680000, 0x0000000100000000)
  eden space 25600K, 100% used [0x00000000d5580000,0x00000000d6e80000,0x00000000d6e80000)
  from space 4096K, 99% used [0x00000000d6e80000,0x00000000d727daa0,0x00000000d7280000)
  to   space 4096K, 0% used [0x00000000d7280000,0x00000000d7280000,0x00000000d7680000)
 ParOldGen       total 68608K, used 2647K [0x0000000080000000, 0x0000000084300000, 0x00000000d5580000)
  object space 68608K, 3% used [0x0000000080000000,0x0000000080295c38,0x0000000084300000)
 Metaspace       used 15943K, committed 16512K, reserved 1114112K
  class space    used 1662K, committed 1920K, reserved 1048576K
}
Event: 5.345 GC heap after
{Heap after GC invocations=4 (full 0):
 PSYoungGen      total 29696K, used 4073K [0x00000000d5580000, 0x00000000d7680000, 0x0000000100000000)
  eden space 25600K, 0% used [0x00000000d5580000,0x00000000d5580000,0x00000000d6e80000)
  from space 4096K, 99% used [0x00000000d7280000,0x00000000d767a598,0x00000000d7680000)
  to   space 4096K, 0% used [0x00000000d6e80000,0x00000000d6e80000,0x00000000d7280000)
 ParOldGen       total 68608K, used 5332K [0x0000000080000000, 0x0000000084300000, 0x00000000d5580000)
  object space 68608K, 7% used [0x0000000080000000,0x00000000805350b0,0x0000000084300000)
 Metaspace       used 15943K, committed 16512K, reserved 1114112K
  class space    used 1662K, committed 1920K, reserved 1048576K
}

Dll operation events (9 events):
Event: 0.019 Loaded shared library c:\Users\Eyobw\.cursor\extensions\redhat.java-1.50.0-win32-x64\jre\21.0.9-win32-x86_64\bin\java.dll
Event: 0.234 Loaded shared library c:\Users\Eyobw\.cursor\extensions\redhat.java-1.50.0-win32-x64\jre\21.0.9-win32-x86_64\bin\zip.dll
Event: 0.275 Loaded shared library C:\Users\Eyobw\.cursor\extensions\redhat.java-1.50.0-win32-x64\jre\21.0.9-win32-x86_64\bin\instrument.dll
Event: 0.286 Loaded shared library C:\Users\Eyobw\.cursor\extensions\redhat.java-1.50.0-win32-x64\jre\21.0.9-win32-x86_64\bin\net.dll
Event: 0.290 Loaded shared library C:\Users\Eyobw\.cursor\extensions\redhat.java-1.50.0-win32-x64\jre\21.0.9-win32-x86_64\bin\nio.dll
Event: 0.298 Loaded shared library C:\Users\Eyobw\.cursor\extensions\redhat.java-1.50.0-win32-x64\jre\21.0.9-win32-x86_64\bin\zip.dll
Event: 0.330 Loaded shared library C:\Users\Eyobw\.cursor\extensions\redhat.java-1.50.0-win32-x64\jre\21.0.9-win32-x86_64\bin\jimage.dll
Event: 0.515 Loaded shared library c:\Users\Eyobw\.cursor\extensions\redhat.java-1.50.0-win32-x64\jre\21.0.9-win32-x86_64\bin\verify.dll
Event: 2.831 Loaded shared library C:\Users\Eyobw\AppData\Roaming\Cursor\User\globalStorage\redhat.java\1.50.0\config_ss_win\org.eclipse.equinox.launcher\org.eclipse.equinox.launcher.win32.win32.x86_64_1.2.1400.v20250801-0854\eclipse_11916.dll

Deoptimization events (20 events):
Event: 5.097 Thread 0x00000150db655020 DEOPT PACKING pc=0x0000015087bc2fa0 sp=0x00000018ca1f3dc0
Event: 5.097 Thread 0x00000150db655020 DEOPT UNPACKING pc=0x0000015087583aa2 sp=0x00000018ca1f3da8 mode 2
Event: 5.174 Thread 0x00000150db655020 Uncommon trap: trap_request=0xffffffde fr.pc=0x0000015087bae8b0 relative=0x0000000000000370
Event: 5.174 Thread 0x00000150db655020 Uncommon trap: reason=class_check action=maybe_recompile pc=0x0000015087bae8b0 method=java.lang.String.<init>(Ljava/lang/AbstractStringBuilder;Ljava/lang/Void;)V @ 10 c2
Event: 5.174 Thread 0x00000150db655020 DEOPT PACKING pc=0x0000015087bae8b0 sp=0x00000018ca1f8940
Event: 5.174 Thread 0x00000150db655020 DEOPT UNPACKING pc=0x0000015087583aa2 sp=0x00000018ca1f8908 mode 2
Event: 5.174 Thread 0x00000150db655020 Uncommon trap: trap_request=0xffffffde fr.pc=0x0000015087bae8b0 relative=0x0000000000000370
Event: 5.174 Thread 0x00000150db655020 Uncommon trap: reason=class_check action=maybe_recompile pc=0x0000015087bae8b0 method=java.lang.String.<init>(Ljava/lang/AbstractStringBuilder;Ljava/lang/Void;)V @ 10 c2
Event: 5.174 Thread 0x00000150db655020 DEOPT PACKING pc=0x0000015087bae8b0 sp=0x00000018ca1f8ae0
Event: 5.174 Thread 0x00000150db655020 DEOPT UNPACKING pc=0x0000015087583aa2 sp=0x00000018ca1f8aa8 mode 2
Event: 5.209 Thread 0x00000150db655020 DEOPT PACKING pc=0x00000150803c91d6 sp=0x00000018ca1f5360
Event: 5.209 Thread 0x00000150db655020 DEOPT UNPACKING pc=0x0000015087584242 sp=0x00000018ca1f4870 mode 0
Event: 6.012 Thread 0x00000150db655020 Uncommon trap: trap_request=0xffffff45 fr.pc=0x0000015087bd16ec relative=0x000000000000014c
Event: 6.012 Thread 0x00000150db655020 Uncommon trap: reason=unstable_if action=reinterpret pc=0x0000015087bd16ec method=org.lombokweb.asm.ByteVector.putByteArray([BII)Lorg/lombokweb/asm/ByteVector; @ 20 c2
Event: 6.012 Thread 0x00000150db655020 DEOPT PACKING pc=0x0000015087bd16ec sp=0x00000018ca1f2bf0
Event: 6.012 Thread 0x00000150db655020 DEOPT UNPACKING pc=0x0000015087583aa2 sp=0x00000018ca1f2bc0 mode 2
Event: 6.012 Thread 0x00000150db655020 Uncommon trap: trap_request=0xffffff45 fr.pc=0x0000015087bd08a4 relative=0x0000000000000364
Event: 6.012 Thread 0x00000150db655020 Uncommon trap: reason=unstable_if action=reinterpret pc=0x0000015087bd08a4 method=org.lombokweb.asm.Label.resolve([BLorg/lombokweb/asm/ByteVector;I)Z @ 81 c2
Event: 6.012 Thread 0x00000150db655020 DEOPT PACKING pc=0x0000015087bd08a4 sp=0x00000018ca1f2c80
Event: 6.012 Thread 0x00000150db655020 DEOPT UNPACKING pc=0x0000015087583aa2 sp=0x00000018ca1f2b88 mode 2

Classes loaded (20 events):
Event: 5.125 Loading class java/io/StringReader
Event: 5.125 Loading class java/io/StringReader done
Event: 5.130 Loading class java/util/zip/GZIPInputStream
Event: 5.130 Loading class java/util/zip/GZIPInputStream done
Event: 5.135 Loading class java/net/SocketTimeoutException
Event: 5.139 Loading class java/io/InterruptedIOException
Event: 5.139 Loading class java/io/InterruptedIOException done
Event: 5.139 Loading class java/net/SocketTimeoutException done
Event: 5.139 Loading class java/net/SocketException
Event: 5.139 Loading class java/net/SocketException done
Event: 5.139 Loading class java/net/UnknownHostException
Event: 5.140 Loading class java/net/UnknownHostException done
Event: 5.140 Loading class java/net/ProtocolException
Event: 5.140 Loading class java/net/ProtocolException done
Event: 5.181 Loading class java/lang/ThreadLocal$SuppliedThreadLocal
Event: 5.181 Loading class java/lang/ThreadLocal$SuppliedThreadLocal done
Event: 5.208 Loading class java/io/FileWriter
Event: 5.209 Loading class java/io/FileWriter done
Event: 5.209 Loading class java/lang/NegativeArraySizeException
Event: 5.209 Loading class java/lang/NegativeArraySizeException done

Classes unloaded (0 events):
No events

Classes redefined (0 events):
No events

Internal exceptions (20 events):
Event: 4.430 Thread 0x00000150db655020 Exception <a 'java/io/FileNotFoundException'{0x00000000d575cbd8}> (0x00000000d575cbd8) 
thrown [s\src\hotspot\share\prims\jni.cpp, line 520]
Event: 4.432 Thread 0x00000150db655020 Exception <a 'java/io/FileNotFoundException'{0x00000000d5763848}> (0x00000000d5763848) 
thrown [s\src\hotspot\share\prims\jni.cpp, line 520]
Event: 4.761 Thread 0x00000150db655020 Exception <a 'java/lang/NoSuchMethodError'{0x00000000d5cbfc50}: 'java.lang.Object java.lang.invoke.DirectMethodHandle$Holder.newInvokeSpecial(java.lang.Object, java.lang.Object, java.lang.Object, java.lang.Object, java.lang.Object)'> (0x00000000d5cbfc50) 
thrown [s\src\hotspot\share\interpreter\linkResolver.cpp, line 773]
Event: 4.828 Thread 0x00000150db655020 Exception <a 'java/lang/NoSuchMethodError'{0x00000000d5d9fd98}: 'java.lang.Object java.lang.invoke.DirectMethodHandle$Holder.invokeSpecial(java.lang.Object, java.lang.Object, java.lang.Object, long, java.lang.Object)'> (0x00000000d5d9fd98) 
thrown [s\src\hotspot\share\interpreter\linkResolver.cpp, line 773]
Event: 4.829 Thread 0x00000150db655020 Exception <a 'java/lang/NoSuchMethodError'{0x00000000d5da77d8}: 'java.lang.Object java.lang.invoke.DirectMethodHandle$Holder.newInvokeSpecial(java.lang.Object, java.lang.Object, java.lang.Object, long)'> (0x00000000d5da77d8) 
thrown [s\src\hotspot\share\interpreter\linkResolver.cpp, line 773]
Event: 4.830 Thread 0x00000150db655020 Exception <a 'java/lang/NoSuchMethodError'{0x00000000d5dabb88}: 'java.lang.Object java.lang.invoke.DirectMethodHandle$Holder.invokeSpecial(java.lang.Object, java.lang.Object, java.lang.Object, java.lang.Object, long)'> (0x00000000d5dabb88) 
thrown [s\src\hotspot\share\interpreter\linkResolver.cpp, line 773]
Event: 4.830 Thread 0x00000150db655020 Exception <a 'java/lang/NoSuchMethodError'{0x00000000d5daf7a8}: 'java.lang.Object java.lang.invoke.Invokers$Holder.linkToTargetMethod(java.lang.Object, java.lang.Object, long, java.lang.Object)'> (0x00000000d5daf7a8) 
thrown [s\src\hotspot\share\interpreter\linkResolver.cpp, line 773]
Event: 4.851 Thread 0x00000150db655020 Exception <a 'java/lang/NoSuchMethodError'{0x00000000d5e089d8}: 'int java.lang.invoke.DirectMethodHandle$Holder.invokeStaticInit(java.lang.Object, java.lang.Object, java.lang.Object)'> (0x00000000d5e089d8) 
thrown [s\src\hotspot\share\interpreter\linkResolver.cpp, line 773]
Event: 4.884 Thread 0x00000150db655020 Exception <a 'java/lang/IncompatibleClassChangeError'{0x00000000d5eb99b8}: Found class java.lang.Object, but interface was expected> (0x00000000d5eb99b8) 
thrown [s\src\hotspot\share\interpreter\linkResolver.cpp, line 840]
Event: 4.885 Thread 0x00000150db655020 Exception <a 'java/lang/NoSuchMethodError'{0x00000000d5ebd568}: 'java.lang.Object java.lang.invoke.DirectMethodHandle$Holder.invokeSpecial(java.lang.Object, java.lang.Object, java.lang.Object, int, java.lang.Object, java.lang.Object)'> (0x00000000d5ebd568) 
thrown [s\src\hotspot\share\interpreter\linkResolver.cpp, line 773]
Event: 4.886 Thread 0x00000150db655020 Exception <a 'java/lang/NoSuchMethodError'{0x00000000d5ed3088}: 'java.lang.Object java.lang.invoke.DirectMethodHandle$Holder.newInvokeSpecial(java.lang.Object, java.lang.Object, java.lang.Object, int, java.lang.Object)'> (0x00000000d5ed3088) 
thrown [s\src\hotspot\share\interpreter\linkResolver.cpp, line 773]
Event: 4.888 Thread 0x00000150db655020 Exception <a 'java/lang/NoSuchMethodError'{0x00000000d5ed7008}: 'java.lang.Object java.lang.invoke.DirectMethodHandle$Holder.invokeSpecial(java.lang.Object, java.lang.Object, java.lang.Object, java.lang.Object, int, java.lang.Object)'> (0x00000000d5ed7008) 
thrown [s\src\hotspot\share\interpreter\linkResolver.cpp, line 773]
Event: 4.888 Thread 0x00000150db655020 Exception <a 'java/lang/NoSuchMethodError'{0x00000000d5edab48}: 'java.lang.Object java.lang.invoke.Invokers$Holder.linkToTargetMethod(java.lang.Object, java.lang.Object, int, java.lang.Object, java.lang.Object)'> (0x00000000d5edab48) 
thrown [s\src\hotspot\share\interpreter\linkResolver.cpp, line 773]
Event: 4.890 Thread 0x00000150dbb72450 Exception <a 'java/lang/NoSuchMethodError'{0x00000000d5e30e60}: 'java.lang.Object java.lang.invoke.DirectMethodHandle$Holder.invokeSpecial(java.lang.Object, java.lang.Object, int, java.lang.Object, java.lang.Object)'> (0x00000000d5e30e60) 
thrown [s\src\hotspot\share\interpreter\linkResolver.cpp, line 773]
Event: 4.891 Thread 0x00000150dbb72450 Exception <a 'java/lang/NoSuchMethodError'{0x00000000d5e37b98}: 'java.lang.Object java.lang.invoke.DirectMethodHandle$Holder.newInvokeSpecial(java.lang.Object, java.lang.Object, int, java.lang.Object)'> (0x00000000d5e37b98) 
thrown [s\src\hotspot\share\interpreter\linkResolver.cpp, line 773]
Event: 4.891 Thread 0x00000150dbb72450 Exception <a 'java/lang/NoSuchMethodError'{0x00000000d5e3b478}: 'java.lang.Object java.lang.invoke.DirectMethodHandle$Holder.invokeSpecial(java.lang.Object, java.lang.Object, java.lang.Object, int, java.lang.Object)'> (0x00000000d5e3b478) 
thrown [s\src\hotspot\share\interpreter\linkResolver.cpp, line 773]
Event: 4.932 Thread 0x00000150db655020 Exception <a 'java/lang/NoSuchMethodError'{0x00000000d6017560}: 'void java.lang.invoke.DirectMethodHandle$Holder.invokeSpecial(java.lang.Object, java.lang.Object, java.lang.Object, java.lang.Object, java.lang.Object)'> (0x00000000d6017560) 
thrown [s\src\hotspot\share\interpreter\linkResolver.cpp, line 773]
Event: 5.029 Thread 0x00000150db655020 Exception <a 'java/lang/NoSuchMethodError'{0x00000000d6220ba0}: 'double java.lang.invoke.DirectMethodHandle$Holder.invokeStatic(java.lang.Object, java.lang.Object)'> (0x00000000d6220ba0) 
thrown [s\src\hotspot\share\interpreter\linkResolver.cpp, line 773]
Event: 5.030 Thread 0x00000150db655020 Exception <a 'java/lang/NoSuchMethodError'{0x00000000d6224260}: 'double java.lang.invoke.DirectMethodHandle$Holder.invokeStaticInit(java.lang.Object, java.lang.Object)'> (0x00000000d6224260) 
thrown [s\src\hotspot\share\interpreter\linkResolver.cpp, line 773]
Event: 6.012 Thread 0x00000150db655020 Implicit null exception at 0x0000015087bd15f5 to 0x0000015087bd16d0

ZGC Phase Switch (0 events):
No events

VM Operations (20 events):
Event: 2.578 Executing VM operation: HandshakeAllThreads (Deoptimize)
Event: 2.578 Executing VM operation: HandshakeAllThreads (Deoptimize) done
Event: 2.931 Executing VM operation: ParallelGCFailedAllocation (Allocation Failure)
Event: 2.941 Executing VM operation: ParallelGCFailedAllocation (Allocation Failure) done
Event: 3.309 Executing VM operation: HandshakeAllThreads (Deoptimize)
Event: 3.309 Executing VM operation: HandshakeAllThreads (Deoptimize) done
Event: 3.950 Executing VM operation: HandshakeAllThreads (Deoptimize)
Event: 3.950 Executing VM operation: HandshakeAllThreads (Deoptimize) done
Event: 3.950 Executing VM operation: Cleanup
Event: 3.950 Executing VM operation: Cleanup done
Event: 4.261 Executing VM operation: ParallelGCFailedAllocation (Allocation Failure)
Event: 4.269 Executing VM operation: ParallelGCFailedAllocation (Allocation Failure) done
Event: 4.499 Executing VM operation: HandshakeAllThreads (Deoptimize)
Event: 4.499 Executing VM operation: HandshakeAllThreads (Deoptimize) done
Event: 4.511 Executing VM operation: HandshakeAllThreads (Deoptimize)
Event: 4.511 Executing VM operation: HandshakeAllThreads (Deoptimize) done
Event: 4.561 Executing VM operation: HandshakeAllThreads (Deoptimize)
Event: 4.561 Executing VM operation: HandshakeAllThreads (Deoptimize) done
Event: 5.340 Executing VM operation: ParallelGCFailedAllocation (Allocation Failure)
Event: 5.345 Executing VM operation: ParallelGCFailedAllocation (Allocation Failure) done

Memory protections (0 events):
No events

Nmethod flushes (0 events):
No events

Events (18 events):
Event: 0.073 Thread 0x00000150fc964240 Thread added: 0x00000150fc964240
Event: 0.144 Thread 0x00000150fc964240 Thread added: 0x00000150fca043e0
Event: 0.145 Thread 0x00000150fc964240 Thread added: 0x00000150935fd6f0
Event: 0.145 Thread 0x00000150fc964240 Thread added: 0x00000150fca059f0
Event: 0.146 Thread 0x00000150fc964240 Thread added: 0x00000150fca06900
Event: 0.146 Thread 0x00000150fc964240 Thread added: 0x00000150fca0a5d0
Event: 0.146 Thread 0x00000150fc964240 Thread added: 0x00000150fca0b020
Event: 0.146 Thread 0x00000150fc964240 Thread added: 0x00000150fca0be50
Event: 0.149 Thread 0x00000150fc964240 Thread added: 0x00000150fca1ced0
Event: 0.280 Thread 0x00000150fc964240 Thread added: 0x00000150d5cfd170
Event: 0.752 Thread 0x00000150fc964240 Thread added: 0x00000150d5dff140
Event: 2.428 Thread 0x00000150fc964240 Thread added: 0x00000150db307f20
Event: 2.810 Thread 0x00000150fc964240 Thread added: 0x00000150db6549c0
Event: 2.816 Thread 0x00000150fc964240 Thread added: 0x00000150db655020
Event: 3.265 Thread 0x00000150db655020 Thread added: 0x00000150db470ee0
Event: 4.026 Thread 0x00000150db655020 Thread added: 0x00000150db74e1b0
Event: 4.835 Thread 0x00000150db655020 Thread added: 0x00000150dbb72450
Event: 4.892 Thread 0x00000150db655020 Thread added: 0x00000150dbb72f20


Dynamic libraries:
0x00007ff6936b0000 - 0x00007ff6936be000 	c:\Users\Eyobw\.cursor\extensions\redhat.java-1.50.0-win32-x64\jre\21.0.9-win32-x86_64\bin\java.exe
0x00007ffff0530000 - 0x00007ffff0748000 	C:\windows\SYSTEM32\ntdll.dll
0x00007fffef1f0000 - 0x00007fffef2b4000 	C:\windows\System32\KERNEL32.DLL
0x00007fffeddf0000 - 0x00007fffee1c3000 	C:\windows\System32\KERNELBASE.dll
0x00007fffed630000 - 0x00007fffed741000 	C:\windows\System32\ucrtbase.dll
0x00007fffd1f90000 - 0x00007fffd1fa8000 	c:\Users\Eyobw\.cursor\extensions\redhat.java-1.50.0-win32-x64\jre\21.0.9-win32-x86_64\bin\jli.dll
0x00007fffce070000 - 0x00007fffce08e000 	c:\Users\Eyobw\.cursor\extensions\redhat.java-1.50.0-win32-x64\jre\21.0.9-win32-x86_64\bin\VCRUNTIME140.dll
0x00007fffef2c0000 - 0x00007fffef472000 	C:\windows\System32\USER32.dll
0x00007fffedd00000 - 0x00007fffedd26000 	C:\windows\System32\win32u.dll
0x00007fffcfbe0000 - 0x00007fffcfe7c000 	C:\windows\WinSxS\amd64_microsoft.windows.common-controls_6595b64144ccf1df_6.0.22621.6060_none_2712eda17382d24b\COMCTL32.dll
0x00007fffee540000 - 0x00007fffee5e7000 	C:\windows\System32\msvcrt.dll
0x00007fffee1d0000 - 0x00007fffee1f9000 	C:\windows\System32\GDI32.dll
0x00007fffedb20000 - 0x00007fffedc43000 	C:\windows\System32\gdi32full.dll
0x00007fffed940000 - 0x00007fffed9da000 	C:\windows\System32\msvcp_win.dll
0x00007fffeeac0000 - 0x00007fffeeaf1000 	C:\windows\System32\IMM32.DLL
0x00007fffe8d50000 - 0x00007fffe8d5c000 	c:\Users\Eyobw\.cursor\extensions\redhat.java-1.50.0-win32-x64\jre\21.0.9-win32-x86_64\bin\vcruntime140_1.dll
0x00007fffcb400000 - 0x00007fffcb48d000 	c:\Users\Eyobw\.cursor\extensions\redhat.java-1.50.0-win32-x64\jre\21.0.9-win32-x86_64\bin\msvcp140.dll
0x00007fff8dd30000 - 0x00007fff8ead0000 	c:\Users\Eyobw\.cursor\extensions\redhat.java-1.50.0-win32-x64\jre\21.0.9-win32-x86_64\bin\server\jvm.dll
0x00007fffef5b0000 - 0x00007fffef661000 	C:\windows\System32\ADVAPI32.dll
0x00007fffee490000 - 0x00007fffee538000 	C:\windows\System32\sechost.dll
0x00007fffedcd0000 - 0x00007fffedcf8000 	C:\windows\System32\bcrypt.dll
0x00007fffee610000 - 0x00007fffee728000 	C:\windows\System32\RPCRT4.dll
0x00007fffee410000 - 0x00007fffee481000 	C:\windows\System32\WS2_32.dll
0x00007fffed350000 - 0x00007fffed39d000 	C:\windows\SYSTEM32\POWRPROF.dll
0x00007fffe92c0000 - 0x00007fffe92f4000 	C:\windows\SYSTEM32\WINMM.dll
0x00007fffe52a0000 - 0x00007fffe52aa000 	C:\windows\SYSTEM32\VERSION.dll
0x00007fffed330000 - 0x00007fffed343000 	C:\windows\SYSTEM32\UMPDC.dll
0x00007fffec560000 - 0x00007fffec578000 	C:\windows\SYSTEM32\kernel.appcore.dll
0x00007fffdba40000 - 0x00007fffdba4a000 	c:\Users\Eyobw\.cursor\extensions\redhat.java-1.50.0-win32-x64\jre\21.0.9-win32-x86_64\bin\jimage.dll
0x00007fffe6490000 - 0x00007fffe66c3000 	C:\windows\SYSTEM32\DBGHELP.DLL
0x00007ffff0150000 - 0x00007ffff04e2000 	C:\windows\System32\combase.dll
0x00007fffee730000 - 0x00007fffee808000 	C:\windows\System32\OLEAUT32.dll
0x00007fffd2f10000 - 0x00007fffd2f42000 	C:\windows\SYSTEM32\dbgcore.DLL
0x00007fffed8c0000 - 0x00007fffed93b000 	C:\windows\System32\bcryptPrimitives.dll
0x00007fffd9220000 - 0x00007fffd922f000 	c:\Users\Eyobw\.cursor\extensions\redhat.java-1.50.0-win32-x64\jre\21.0.9-win32-x86_64\bin\instrument.dll
0x00007fffcdbe0000 - 0x00007fffcdc00000 	c:\Users\Eyobw\.cursor\extensions\redhat.java-1.50.0-win32-x64\jre\21.0.9-win32-x86_64\bin\java.dll
0x00007fffef810000 - 0x00007ffff00ae000 	C:\windows\System32\SHELL32.dll
0x00007fffed9e0000 - 0x00007fffedb1f000 	C:\windows\System32\wintypes.dll
0x00007fffeb4c0000 - 0x00007fffebdd8000 	C:\windows\SYSTEM32\windows.storage.dll
0x00007fffef0e0000 - 0x00007fffef1e4000 	C:\windows\System32\SHCORE.dll
0x00007fffef490000 - 0x00007fffef4f9000 	C:\windows\System32\shlwapi.dll
0x00007fffed560000 - 0x00007fffed585000 	C:\windows\SYSTEM32\profapi.dll
0x00007fffcdbc0000 - 0x00007fffcdbd8000 	c:\Users\Eyobw\.cursor\extensions\redhat.java-1.50.0-win32-x64\jre\21.0.9-win32-x86_64\bin\zip.dll
0x00007fffd50c0000 - 0x00007fffd50d0000 	C:\Users\Eyobw\.cursor\extensions\redhat.java-1.50.0-win32-x64\jre\21.0.9-win32-x86_64\bin\net.dll
0x00007fffe94f0000 - 0x00007fffe961c000 	C:\windows\SYSTEM32\WINHTTP.dll
0x00007fffeca90000 - 0x00007fffecaf9000 	C:\windows\system32\mswsock.dll
0x00007fffcdba0000 - 0x00007fffcdbb6000 	C:\Users\Eyobw\.cursor\extensions\redhat.java-1.50.0-win32-x64\jre\21.0.9-win32-x86_64\bin\nio.dll
0x00007fffd4fe0000 - 0x00007fffd4ff0000 	c:\Users\Eyobw\.cursor\extensions\redhat.java-1.50.0-win32-x64\jre\21.0.9-win32-x86_64\bin\verify.dll
0x00007fffc27f0000 - 0x00007fffc2834000 	C:\Users\Eyobw\AppData\Roaming\Cursor\User\globalStorage\redhat.java\1.50.0\config_ss_win\org.eclipse.equinox.launcher\org.eclipse.equinox.launcher.win32.win32.x86_64_1.2.1400.v20250801-0854\eclipse_11916.dll
0x00007fffef670000 - 0x00007fffef810000 	C:\windows\System32\ole32.dll

JVMTI agents:
c:\Users\Eyobw\.cursor\extensions\redhat.java-1.50.0-win32-x64\lombok\lombok-1.18.39-4050.jar path:c:\Users\Eyobw\.cursor\extensions\redhat.java-1.50.0-win32-x64\jre\21.0.9-win32-x86_64\bin\instrument.dll, loaded, initialized, instrumentlib options:none

dbghelp: loaded successfully - version: 4.0.5 - missing functions: none
symbol engine: initialized successfully - sym options: 0x614 - pdb path: .;c:\Users\Eyobw\.cursor\extensions\redhat.java-1.50.0-win32-x64\jre\21.0.9-win32-x86_64\bin;C:\windows\SYSTEM32;C:\windows\WinSxS\amd64_microsoft.windows.common-controls_6595b64144ccf1df_6.0.22621.6060_none_2712eda17382d24b;c:\Users\Eyobw\.cursor\extensions\redhat.java-1.50.0-win32-x64\jre\21.0.9-win32-x86_64\bin\server;C:\Users\Eyobw\AppData\Roaming\Cursor\User\globalStorage\redhat.java\1.50.0\config_ss_win\org.eclipse.equinox.launcher\org.eclipse.equinox.launcher.win32.win32.x86_64_1.2.1400.v20250801-0854

VM Arguments:
jvm_args: --add-modules=ALL-SYSTEM --add-opens=java.base/java.util=ALL-UNNAMED --add-opens=java.base/java.lang=ALL-UNNAMED --add-opens=java.base/sun.nio.fs=ALL-UNNAMED -Declipse.application=org.eclipse.jdt.ls.core.id1 -Dosgi.bundles.defaultStartLevel=4 -Declipse.product=org.eclipse.jdt.ls.core.product -Djava.import.generatesMetadataFilesAtProjectRoot=false -DDetectVMInstallationsJob.disabled=true -Dfile.encoding=utf8 -XX:+UseParallelGC -XX:GCTimeRatio=4 -XX:AdaptiveSizePolicyWeight=90 -Dsun.zip.disableMemoryMapping=true -Xmx2G -Xms100m -Xlog:disable -javaagent:c:\Users\Eyobw\.cursor\extensions\redhat.java-1.50.0-win32-x64\lombok\lombok-1.18.39-4050.jar 
java_command: c:\Users\Eyobw\.cursor\extensions\redhat.java-1.50.0-win32-x64\server\plugins\org.eclipse.equinox.launcher_1.7.100.v20251111-0406.jar -configuration c:\Users\Eyobw\AppData\Roaming\Cursor\User\globalStorage\redhat.java\1.50.0\config_ss_win -data c:\Users\Eyobw\AppData\Roaming\Cursor\User\workspaceStorage\d8b2d7c7dea5ad9399a945923a99e005\redhat.java\ss_ws --pipe=\\.\pipe\lsp-94ea4d9b032fc74d296bb92d5612ff4a-sock
java_class_path (initial): c:\Users\Eyobw\.cursor\extensions\redhat.java-1.50.0-win32-x64\server\plugins\org.eclipse.equinox.launcher_1.7.100.v20251111-0406.jar
Launcher Type: SUN_STANDARD

[Global flags]
    uintx AdaptiveSizePolicyWeight                 = 90                                        {product} {command line}
     intx CICompilerCount                          = 4                                         {product} {ergonomic}
    uintx GCTimeRatio                              = 4                                         {product} {command line}
   size_t InitialHeapSize                          = 104857600                                 {product} {command line}
   size_t MaxHeapSize                              = 2147483648                                {product} {command line}
   size_t MaxNewSize                               = 715653120                                 {product} {ergonomic}
   size_t MinHeapDeltaBytes                        = 524288                                    {product} {ergonomic}
   size_t MinHeapSize                              = 104857600                                 {product} {command line}
   size_t NewSize                                  = 34603008                                  {product} {ergonomic}
    uintx NonNMethodCodeHeapSize                   = 5839372                                {pd product} {ergonomic}
    uintx NonProfiledCodeHeapSize                  = 122909434                              {pd product} {ergonomic}
   size_t OldSize                                  = 70254592                                  {product} {ergonomic}
    uintx ProfiledCodeHeapSize                     = 122909434                              {pd product} {ergonomic}
    uintx ReservedCodeCacheSize                    = 251658240                              {pd product} {ergonomic}
     bool SegmentedCodeCache                       = true                                      {product} {ergonomic}
   size_t SoftMaxHeapSize                          = 2147483648                             {manageable} {ergonomic}
     bool UseCompressedOops                        = true                           {product lp64_product} {ergonomic}
     bool UseLargePagesIndividualAllocation        = false                                  {pd product} {ergonomic}
     bool UseParallelGC                            = true                                      {product} {command line}

Logging:
Log output configuration:
 #0: stdout all=off uptime,level,tags foldmultilines=false
 #1: stderr all=off uptime,level,tags foldmultilines=false

Release file:
JAVA_VERSION="21.0.9" 
MODULES="java.base java.compiler java.datatransfer java.xml java.prefs java.desktop java.instrument java.logging java.management java.security.sasl java.naming java.rmi java.management.rmi java.net.http java.scripting java.security.jgss java.transaction.xa java.sql java.sql.rowset java.xml.crypto java.se java.smartcardio jdk.accessibility jdk.internal.jvmstat jdk.attach jdk.charsets jdk.internal.opt jdk.zipfs jdk.compiler jdk.crypto.ec jdk.crypto.cryptoki jdk.crypto.mscapi jdk.dynalink jdk.internal.ed jdk.editpad jdk.hotspot.agent jdk.httpserver jdk.internal.le jdk.internal.vm.ci jdk.internal.vm.compiler jdk.internal.vm.compiler.management jdk.jartool jdk.javadoc jdk.jcmd jdk.management jdk.management.agent jdk.jconsole jdk.jdeps jdk.jdwp.agent jdk.jdi jdk.jfr jdk.jshell jdk.jsobject jdk.jstatd jdk.localedata jdk.management.jfr jdk.naming.dns jdk.naming.rmi jdk.net jdk.nio.mapmode jdk.random jdk.sctp jdk.security.auth jdk.security.jgss jdk.unsupported jdk.unsupported.desktop jdk.xml.dom" 

Environment Variables:
CLASSPATH=%CLASSPATH%;C:\Program Files\Java\jdk-23\lib\sqlite-jdbc-3.49.1.0.jar
PATH=C:\Program Files\Python313\Scripts\;C:\Program Files\Python313\;C:\Program Files\Common Files\Oracle\Java\javapath;C:\windows\system32;C:\windows;C:\windows\System32\Wbem;C:\windows\System32\WindowsPowerShell\v1.0\;C:\windows\System32\OpenSSH\;C:\Program Files\HP\HP One Agent;C:\Program Files (x86)\Microsoft SQL Server\160\DTS\Binn\;C:\Program Files (x86)\Microsoft SQL Server\160\Tools\Binn\;C:\Program Files\Microsoft SQL Server\160\Tools\Binn\;C:\Program Files\Microsoft SQL Server\Client SDK\ODBC\170\Tools\Binn\;C:\Program Files\Microsoft SQL Server\160\DTS\Binn\;C:\Program Files\Git\cmd;C:\Program Files\CMake\bin;C:\Users\Eyobw\AppData\Local\Programs\Python\Python310\Scripts\;C:\Users\Eyobw\AppData\Local\Programs\Python\Python310\;C:\Users\Eyobw\AppData\Local\Microsoft\WindowsApps;C:\Users\Eyobw\AppData\Local\Programs\Microsoft VS Code\bin;C:\msys64\ucrt64\bin;C:\msys64\mingw64\bin;C:\Users\Eyobw\OneDrive\Desktop\udemmy  yoo\Udemy downloader\Udemy downloader;C:\ProgramData\Eyobw\GitHubDesktop\bin;C:\Users\Eyobw\AppData\Local\GitHubDesktop\bin;C:\Users\Eyobw\AppData\Roaming\npm;C:\ProgramData\Chocolatey\bin;c:\Users\Eyobw\AppData\Local\Programs\cursor\resources\app\bin;C:\Program Files\Go\bin;C:\Program Files\nodejs\;C:\Program Files\Docker\Docker\resources\bin;C:\masm32\bin;C:\Program Files\cursor\resources\app\bin;C:\Program Files\Python313\Scripts\;C:\Program Files\Python313\;C:\Program Files\Common Files\Oracle\Java\javapath;C:\windows\system32;C:\windows;C:\windows\System32\Wbem;C:\windows\System32\WindowsPowerShell\v1.0\;C:\windows\System32\OpenSSH\;C:\Program Files\HP\HP One Agent;C:\Program Files (x86)\Microsoft SQL Server\160\DTS\Binn\;C:\Program Files (x86)\Microsoft SQL Server\160\Tools\Binn\;C:\Program Files\Microsoft SQL Server\160\Tools\Binn\;C:\Program Files\Microsoft SQL Server\Client SDK\ODBC\170\Tools\Binn\;C:\Program Files\Microsoft SQL Server\160\DTS\Binn\;C:\Program Files\Git\cmd;C:\Program Files\CMake\bin;C:\Users\Eyobw\AppData\Local\Programs\Python\Python310\Scripts\;C:\Users\Eyobw\AppData\Local\Programs\Python\Python310\;C:\Users\Eyobw\AppData\Local\Microsoft\WindowsApps;C:\Users\Eyobw\AppData\Local\Programs\Microsoft VS Code\bin;C:\msys64\ucrt64\bin;C:\msys64\mingw64\bin;C:\Users\Eyobw\OneDrive\Desktop\udemmy  yoo\Udemy downloader\Udemy downloader;C:\ProgramData\Eyobw\GitHubDesktop\bin;C:\Users\E;C:\Users\Eyobw\AppData\Local\Programs\Antigravity\bin;C:\Users\Eyobw\AppData\Local\Programs\Windsurf\bin
USERNAME=Eyobw
OS=Windows_NT
PROCESSOR_IDENTIFIER=AMD64 Family 25 Model 80 Stepping 0, AuthenticAMD
TMP=C:\Users\Eyobw\AppData\Local\Temp
TEMP=C:\Users\Eyobw\AppData\Local\Temp




Periodic native trim disabled

---------------  S Y S T E M  ---------------

OS:
 Windows 11 , 64 bit Build 22621 (10.0.22621.5415)
OS uptime: 3 days 6:07 hours
Hyper-V role detected

CPU: total 12 (initial active 12) (12 cores per cpu, 2 threads per core) family 25 model 80 stepping 0 microcode 0x0, cx8, cmov, fxsr, ht, mmx, 3dnowpref, sse, sse2, sse3, ssse3, sse4a, sse4.1, sse4.2, popcnt, lzcnt, tsc, tscinvbit, avx, avx2, aes, erms, clmul, bmi1, bmi2, adx, sha, fma, vzeroupper, clflush, clflushopt, hv, rdtscp, rdpid, fsrm, f16c, cet_ss
Processor Information for the first 12 processors :
  Max Mhz: 2301, Current Mhz: 2301, Mhz Limit: 2301

Memory: 4k page, system-wide physical 7488M (550M free)
TotalPageFile size 30016M (AvailPageFile size 289M)
current process WorkingSet (physical memory assigned to process): 126M, peak: 134M
current process commit charge ("private bytes"): 273M, peak: 281M

vm_info: OpenJDK 64-Bit Server VM (21.0.9+10-LTS) for windows-amd64 JRE (21.0.9+10-LTS), built on 2025-10-21T00:00:00Z by "admin" with unknown MS VC++:1942

END.
