#
# There is insufficient memory for the Java Runtime Environment to continue.
# Native memory allocation (mmap) failed to map 65536 bytes. Error detail: Failed to commit metaspace.
# Possible reasons:
#   The system is out of physical RAM or swap space
#   This process is running with CompressedOops enabled, and the Java Heap may be blocking the growth of the native heap
# Possible solutions:
#   Reduce memory load on the system
#   Increase physical memory or swap space
#   Check if swap backing store is full
#   Decrease Java heap size (-Xmx/-Xms)
#   Decrease number of Java threads
#   Decrease Java thread stack sizes (-Xss)
#   Set larger code cache with -XX:ReservedCodeCacheSize=
#   JVM is running with Unscaled Compressed Oops mode in which the Java heap is
#     placed in the first 4GB address space. The Java Heap base address is the
#     maximum limit for the native heap growth. Please use -XX:HeapBaseMinAddress
#     to set the Java Heap base and to place the Java Heap above 4GB virtual address.
# This output file may be truncated or incomplete.
#
#  Out of Memory Error (virtualSpaceNode.cpp:113), pid=24564, tid=33472
#
# JRE version: OpenJDK Runtime Environment Temurin-21.0.9+10 (21.0.9+10) (build 21.0.9+10-LTS)
# Java VM: OpenJDK 64-Bit Server VM Temurin-21.0.9+10 (21.0.9+10-LTS, mixed mode, sharing, tiered, compressed oops, compressed class ptrs, parallel gc, windows-amd64)
# No core dump will be written. Minidumps are not enabled by default on client versions of Windows
#

---------------  S U M M A R Y ------------

Command Line: --add-modules=ALL-SYSTEM --add-opens=java.base/java.util=ALL-UNNAMED --add-opens=java.base/java.lang=ALL-UNNAMED --add-opens=java.base/sun.nio.fs=ALL-UNNAMED -Declipse.application=org.eclipse.jdt.ls.core.id1 -Dosgi.bundles.defaultStartLevel=4 -Declipse.product=org.eclipse.jdt.ls.core.product -Djava.import.generatesMetadataFilesAtProjectRoot=false -DDetectVMInstallationsJob.disabled=true -Dfile.encoding=utf8 -XX:+UseParallelGC -XX:GCTimeRatio=4 -XX:AdaptiveSizePolicyWeight=90 -Dsun.zip.disableMemoryMapping=true -Xmx2G -Xms100m -Xlog:disable -javaagent:c:\Users\Eyobw\.cursor\extensions\redhat.java-1.50.0-win32-x64\lombok\lombok-1.18.39-4050.jar -XX:+HeapDumpOnOutOfMemoryError -XX:HeapDumpPath=c:\Users\Eyobw\AppData\Roaming\Cursor\User\workspaceStorage\d8b2d7c7dea5ad9399a945923a99e005\redhat.java -Daether.dependencyCollector.impl=bf c:\Users\Eyobw\.cursor\extensions\redhat.java-1.50.0-win32-x64\server\plugins\org.eclipse.equinox.launcher_1.7.100.v20251111-0406.jar -configuration c:\Users\Eyobw\AppData\Roaming\Cursor\User\globalStorage\redhat.java\1.50.0\config_win -data c:\Users\Eyobw\AppData\Roaming\Cursor\User\workspaceStorage\d8b2d7c7dea5ad9399a945923a99e005\redhat.java\jdt_ws --pipe=\\.\pipe\lsp-83556af2edb4b69b1575014dcb67831e-sock

Host: AMD Ryzen 5 5625U with Radeon Graphics         , 12 cores, 7G,  Windows 11 , 64 bit Build 22621 (10.0.22621.5415)
Time: Tue Dec  9 02:24:03 2025 E. Africa Standard Time elapsed time: 4.359924 seconds (0d 0h 0m 4s)

---------------  T H R E A D  ---------------

Current thread (0x0000021cee38c600):  JavaThread "Start Level: Equinox Container: b3e842f8-0e62-430c-92ad-ed415c72db2c" daemon [_thread_in_vm, id=33472, stack(0x00000053fb100000,0x00000053fb200000) (1024K)]

Stack: [0x00000053fb100000,0x00000053fb200000]
Native frames: (J=compiled Java code, j=interpreted, Vv=VM code, C=native code)
V  [jvm.dll+0x6d6e29]
V  [jvm.dll+0x8b4b76]
V  [jvm.dll+0x8b712e]
V  [jvm.dll+0x8b7813]
V  [jvm.dll+0x283d86]
V  [jvm.dll+0x8b08be]
V  [jvm.dll+0x678824]
V  [jvm.dll+0x1e80ab]
V  [jvm.dll+0x1e7e6e]
V  [jvm.dll+0x67b122]
V  [jvm.dll+0x67af52]
V  [jvm.dll+0x6791fe]
V  [jvm.dll+0x3c6dd3]
V  [jvm.dll+0x21151b]
V  [jvm.dll+0x5b5a39]
V  [jvm.dll+0x82e05d]
V  [jvm.dll+0x478bae]
V  [jvm.dll+0x48bf16]
C  [java.dll+0x1657]

Java frames: (J=compiled Java code, j=interpreted, Vv=VM code)
J 903  java.lang.ClassLoader.defineClass0(Ljava/lang/ClassLoader;Ljava/lang/Class;Ljava/lang/String;[BIILjava/security/ProtectionDomain;ZILjava/lang/Object;)Ljava/lang/Class; java.base@21.0.9 (0 bytes) @ 0x0000021cdbf41ebc [0x0000021cdbf41dc0+0x00000000000000fc]
j  java.lang.System$2.defineClass(Ljava/lang/ClassLoader;Ljava/lang/Class;Ljava/lang/String;[BLjava/security/ProtectionDomain;ZILjava/lang/Object;)Ljava/lang/Class;+17 java.base@21.0.9
j  java.lang.invoke.MethodHandles$Lookup$ClassDefiner.defineClass(ZLjava/lang/Object;)Ljava/lang/Class;+57 java.base@21.0.9
j  java.lang.invoke.InvokerBytecodeGenerator.loadMethod([B)Ljava/lang/invoke/MemberName;+22 java.base@21.0.9
j  java.lang.invoke.InvokerBytecodeGenerator.generateCustomizedCode(Ljava/lang/invoke/LambdaForm;Ljava/lang/invoke/MethodType;)Ljava/lang/invoke/MemberName;+30 java.base@21.0.9
j  java.lang.invoke.LambdaForm.compileToBytecode()V+69 java.base@21.0.9
J 625 c1 java.lang.invoke.LambdaForm.prepare()V java.base@21.0.9 (108 bytes) @ 0x0000021cd45056fc [0x0000021cd4505560+0x000000000000019c]
J 624 c1 java.lang.invoke.MethodHandle.<init>(Ljava/lang/invoke/MethodType;Ljava/lang/invoke/LambdaForm;)V java.base@21.0.9 (37 bytes) @ 0x0000021cd4504dc4 [0x0000021cd4504ba0+0x0000000000000224]
J 1845 c1 java.lang.invoke.BoundMethodHandle.<init>(Ljava/lang/invoke/MethodType;Ljava/lang/invoke/LambdaForm;)V java.base@21.0.9 (32 bytes) @ 0x0000021cd4758b54 [0x0000021cd4758ac0+0x0000000000000094]
j  java.lang.invoke.BoundMethodHandle$Species_LLL.<init>(Ljava/lang/invoke/MethodType;Ljava/lang/invoke/LambdaForm;Ljava/lang/Object;Ljava/lang/Object;Ljava/lang/Object;)V+3 java.base@21.0.9
j  java.lang.invoke.BoundMethodHandle$Species_LLL.make(Ljava/lang/invoke/MethodType;Ljava/lang/invoke/LambdaForm;Ljava/lang/Object;Ljava/lang/Object;Ljava/lang/Object;)Ljava/lang/invoke/BoundMethodHandle;+10 java.base@21.0.9
j  java.lang.invoke.DirectMethodHandle$Holder.invokeStatic(Ljava/lang/Object;Ljava/lang/Object;Ljava/lang/Object;Ljava/lang/Object;Ljava/lang/Object;Ljava/lang/Object;)Ljava/lang/Object;+18 java.base@21.0.9
j  java.lang.invoke.BoundMethodHandle$Species_LL.copyWithExtendL(Ljava/lang/invoke/MethodType;Ljava/lang/invoke/LambdaForm;Ljava/lang/Object;)Ljava/lang/invoke/BoundMethodHandle;+18 java.base@21.0.9
j  java.lang.invoke.MethodHandles.argumentsWithCombiner(ZLjava/lang/invoke/MethodHandle;ILjava/lang/invoke/MethodHandle;[I)Ljava/lang/invoke/MethodHandle;+122 java.base@21.0.9
j  java.lang.invoke.MethodHandles.foldArgumentsWithCombiner(Ljava/lang/invoke/MethodHandle;ILjava/lang/invoke/MethodHandle;[I)Ljava/lang/invoke/MethodHandle;+5 java.base@21.0.9
j  java.lang.invoke.StringConcatFactory.generateMHInlineCopy(Ljava/lang/invoke/MethodType;[Ljava/lang/String;)Ljava/lang/invoke/MethodHandle;+433 java.base@21.0.9
j  java.lang.invoke.StringConcatFactory.makeConcatWithConstants(Ljava/lang/invoke/MethodHandles$Lookup;Ljava/lang/String;Ljava/lang/invoke/MethodType;Ljava/lang/String;[Ljava/lang/Object;)Ljava/lang/invoke/CallSite;+227 java.base@21.0.9
j  java.lang.invoke.DirectMethodHandle$Holder.invokeStatic(Ljava/lang/Object;Ljava/lang/Object;Ljava/lang/Object;Ljava/lang/Object;Ljava/lang/Object;Ljava/lang/Object;)Ljava/lang/Object;+18 java.base@21.0.9
j  java.lang.invoke.DelegatingMethodHandle$Holder.delegate(Ljava/lang/Object;Ljava/lang/Object;Ljava/lang/Object;Ljava/lang/Object;Ljava/lang/Object;Ljava/lang/Object;)Ljava/lang/Object;+21 java.base@21.0.9
j  java.lang.invoke.Invokers$Holder.invokeExact_MT(Ljava/lang/Object;Ljava/lang/Object;Ljava/lang/Object;Ljava/lang/Object;Ljava/lang/Object;Ljava/lang/Object;Ljava/lang/Object;)Ljava/lang/Object;+26 java.base@21.0.9
j  java.lang.invoke.BootstrapMethodInvoker.invoke(Ljava/lang/Class;Ljava/lang/invoke/MethodHandle;Ljava/lang/String;Ljava/lang/Object;Ljava/lang/Object;Ljava/lang/Class;)Ljava/lang/Object;+157 java.base@21.0.9
j  java.lang.invoke.CallSite.makeSite(Ljava/lang/invoke/MethodHandle;Ljava/lang/String;Ljava/lang/invoke/MethodType;Ljava/lang/Object;Ljava/lang/Class;)Ljava/lang/invoke/CallSite;+8 java.base@21.0.9
j  java.lang.invoke.MethodHandleNatives.linkCallSiteImpl(Ljava/lang/Class;Ljava/lang/invoke/MethodHandle;Ljava/lang/String;Ljava/lang/invoke/MethodType;Ljava/lang/Object;[Ljava/lang/Object;)Ljava/lang/invoke/MemberName;+6 java.base@21.0.9
j  java.lang.invoke.MethodHandleNatives.linkCallSite(Ljava/lang/Object;Ljava/lang/Object;Ljava/lang/Object;Ljava/lang/Object;Ljava/lang/Object;[Ljava/lang/Object;)Ljava/lang/invoke/MemberName;+45 java.base@21.0.9
v  ~StubRoutines::call_stub 0x0000021cdb95100d
j  org.eclipse.core.internal.preferences.Activator.start(Lorg/osgi/framework/BundleContext;)V+123
j  org.eclipse.osgi.internal.framework.BundleContextImpl$2.run()Ljava/lang/Void;+23
j  org.eclipse.osgi.internal.framework.BundleContextImpl$2.run()Ljava/lang/Object;+1
J 1143 c1 java.security.AccessController.executePrivileged(Ljava/security/PrivilegedExceptionAction;Ljava/security/AccessControlContext;Ljava/lang/Class;)Ljava/lang/Object; java.base@21.0.9 (65 bytes) @ 0x0000021cd45f4ec4 [0x0000021cd45f4d60+0x0000000000000164]
j  java.security.AccessController.doPrivileged(Ljava/security/PrivilegedExceptionAction;)Ljava/lang/Object;+9 java.base@21.0.9
j  org.eclipse.osgi.internal.framework.BundleContextImpl.startActivator(Lorg/osgi/framework/BundleActivator;)V+9
j  org.eclipse.osgi.internal.framework.BundleContextImpl.start()V+141
j  org.eclipse.osgi.internal.framework.EquinoxBundle.startWorker0()V+35
j  org.eclipse.osgi.internal.framework.EquinoxBundle$EquinoxModule.startWorker()V+4
j  org.eclipse.osgi.container.Module.doStart([Lorg/eclipse/osgi/container/Module$StartOptions;)Lorg/eclipse/osgi/container/ModuleContainerAdaptor$ModuleEvent;+200
j  org.eclipse.osgi.container.Module.start([Lorg/eclipse/osgi/container/Module$StartOptions;)V+460
j  org.eclipse.osgi.framework.util.SecureAction.start(Lorg/eclipse/osgi/container/Module;[Lorg/eclipse/osgi/container/Module$StartOptions;)V+8
J 2435 c1 org.eclipse.osgi.internal.hooks.EclipseLazyStarter.postFindLocalClass(Ljava/lang/String;Ljava/lang/Class;Lorg/eclipse/osgi/internal/loader/classpath/ClasspathManager;)V (394 bytes) @ 0x0000021cd489d094 [0x0000021cd489c0c0+0x0000000000000fd4]
j  org.eclipse.osgi.internal.loader.classpath.ClasspathManager.findLocalClass(Ljava/lang/String;)Ljava/lang/Class;+148
J 2433 c1 org.eclipse.osgi.internal.loader.BundleLoader.findLocalClass(Ljava/lang/String;)Ljava/lang/Class; (159 bytes) @ 0x0000021cd489994c [0x0000021cd4898d60+0x0000000000000bec]
j  org.eclipse.osgi.internal.loader.sources.SingleSourcePackage.loadClass(Ljava/lang/String;)Ljava/lang/Class;+5
J 2349 c1 org.eclipse.osgi.internal.loader.BundleLoader.findClass0(Ljava/lang/String;ZZ)Ljava/lang/Class; (490 bytes) @ 0x0000021cd48521e4 [0x0000021cd484f140+0x00000000000030a4]
J 2348 c1 org.eclipse.osgi.internal.loader.BundleLoader.findClass(Ljava/lang/String;)Ljava/lang/Class; (8 bytes) @ 0x0000021cd484e74c [0x0000021cd484e6c0+0x000000000000008c]
J 2350 c1 org.eclipse.osgi.internal.loader.ModuleClassLoader.loadClass(Ljava/lang/String;Z)Ljava/lang/Class; (36 bytes) @ 0x0000021cd48560cc [0x0000021cd4855ea0+0x000000000000022c]
J 1007 c1 java.lang.ClassLoader.loadClass(Ljava/lang/String;)Ljava/lang/Class; java.base@21.0.9 (7 bytes) @ 0x0000021cd45b4854 [0x0000021cd45b4740+0x0000000000000114]
v  ~StubRoutines::call_stub 0x0000021cdb95100d
j  java.lang.Class.getDeclaredMethods0(Z)[Ljava/lang/reflect/Method;+0 java.base@21.0.9
j  java.lang.Class.privateGetDeclaredMethods(Z)[Ljava/lang/reflect/Method;+34 java.base@21.0.9
j  java.lang.Class.getDeclaredMethod(Ljava/lang/String;[Ljava/lang/Class;)Ljava/lang/reflect/Method;+25 java.base@21.0.9
j  org.apache.felix.scr.impl.inject.methods.BaseMethod.getMethod(Ljava/lang/Class;Ljava/lang/String;[Ljava/lang/Class;ZZLorg/apache/felix/scr/impl/logger/ComponentLogger;)Ljava/lang/reflect/Method;+3
j  org.apache.felix.scr.impl.inject.methods.BindMethod.getServiceReferenceMethod(Ljava/lang/Class;ZZLorg/apache/felix/scr/impl/logger/ComponentLogger;)Ljava/lang/reflect/Method;+20
j  org.apache.felix.scr.impl.inject.methods.BindMethod.doFindMethod(Ljava/lang/Class;ZZLorg/apache/felix/scr/impl/logger/ComponentLogger;)Lorg/apache/felix/scr/impl/inject/methods/BaseMethod$MethodInfo;+67
j  org.apache.felix.scr.impl.inject.methods.BaseMethod.findMethod(Lorg/apache/felix/scr/impl/logger/ComponentLogger;)Lorg/apache/felix/scr/impl/inject/methods/BaseMethod$MethodInfo;+160
j  org.apache.felix.scr.impl.inject.methods.BaseMethod.access$400(Lorg/apache/felix/scr/impl/inject/methods/BaseMethod;Lorg/apache/felix/scr/impl/logger/ComponentLogger;)Lorg/apache/felix/scr/impl/inject/methods/BaseMethod$MethodInfo;+2
j  org.apache.felix.scr.impl.inject.methods.BaseMethod$NotResolved.resolve(Lorg/apache/felix/scr/impl/inject/methods/BaseMethod;Lorg/apache/felix/scr/impl/logger/ComponentLogger;)V+34
j  org.apache.felix.scr.impl.inject.methods.BaseMethod$NotResolved.methodExists(Lorg/apache/felix/scr/impl/inject/methods/BaseMethod;Lorg/apache/felix/scr/impl/logger/ComponentLogger;)Z+3
j  org.apache.felix.scr.impl.inject.methods.BaseMethod.methodExists(Lorg/apache/felix/scr/impl/logger/ComponentLogger;)Z+6
j  org.apache.felix.scr.impl.inject.methods.BindMethod.getServiceObject(Lorg/apache/felix/scr/impl/inject/BindParameters;Lorg/osgi/framework/BundleContext;)Z+24
j  org.apache.felix.scr.impl.manager.DependencyManager.getServiceObject(Lorg/apache/felix/scr/impl/manager/ComponentContextImpl;Lorg/apache/felix/scr/impl/inject/ReferenceMethod;Lorg/apache/felix/scr/impl/inject/RefPair;)Z+26
j  org.apache.felix.scr.impl.manager.DependencyManager$SingleDynamicCustomizer.prebind(Lorg/apache/felix/scr/impl/manager/ComponentContextImpl;)Z+151
j  org.apache.felix.scr.impl.manager.DependencyManager.prebind(Lorg/apache/felix/scr/impl/manager/ComponentContextImpl;)Z+5
j  org.apache.felix.scr.impl.manager.AbstractComponentManager.collectDependencies(Lorg/apache/felix/scr/impl/manager/ComponentContextImpl;)Z+36
j  org.apache.felix.scr.impl.manager.SingleComponentManager.getServiceInternal(Lorg/osgi/framework/ServiceRegistration;)Z+25
j  org.apache.felix.scr.impl.manager.AbstractComponentManager.activateInternal()V+438
j  org.apache.felix.scr.impl.manager.AbstractComponentManager.enableInternal()V+179
j  org.apache.felix.scr.impl.manager.AbstractComponentManager.enable(Z)Lorg/osgi/util/promise/Promise;+12
j  org.apache.felix.scr.impl.manager.ConfigurableComponentHolder.enableComponents(Z)Lorg/osgi/util/promise/Promise;+275
j  org.apache.felix.scr.impl.BundleComponentActivator.initialEnable()V+107
j  org.apache.felix.scr.impl.Activator.loadComponents(Lorg/osgi/framework/Bundle;)V+392
j  org.apache.felix.scr.impl.Activator.access$200(Lorg/apache/felix/scr/impl/Activator;Lorg/osgi/framework/Bundle;)V+2
j  org.apache.felix.scr.impl.Activator$ScrExtension.start()V+72
j  org.apache.felix.scr.impl.AbstractExtender.createExtension(Lorg/osgi/framework/Bundle;)V+71
j  org.apache.felix.scr.impl.AbstractExtender.modifiedBundle(Lorg/osgi/framework/Bundle;Lorg/osgi/framework/BundleEvent;Lorg/osgi/framework/Bundle;)V+115
j  org.apache.felix.scr.impl.AbstractExtender.addingBundle(Lorg/osgi/framework/Bundle;Lorg/osgi/framework/BundleEvent;)Lorg/osgi/framework/Bundle;+4
j  org.apache.felix.scr.impl.AbstractExtender.addingBundle(Lorg/osgi/framework/Bundle;Lorg/osgi/framework/BundleEvent;)Ljava/lang/Object;+3
j  org.osgi.util.tracker.BundleTracker$Tracked.customizerAdding(Lorg/osgi/framework/Bundle;Lorg/osgi/framework/BundleEvent;)Ljava/lang/Object;+9
j  org.osgi.util.tracker.BundleTracker$Tracked.customizerAdding(Ljava/lang/Object;Ljava/lang/Object;)Ljava/lang/Object;+9
j  org.osgi.util.tracker.AbstractTracked.trackAdding(Ljava/lang/Object;Ljava/lang/Object;)V+8
j  org.osgi.util.tracker.AbstractTracked.track(Ljava/lang/Object;Ljava/lang/Object;)V+83
j  org.osgi.util.tracker.BundleTracker$Tracked.bundleChanged(Lorg/osgi/framework/BundleEvent;)V+35
j  org.eclipse.osgi.internal.framework.BundleContextImpl.dispatchEvent(Ljava/lang/Object;Ljava/lang/Object;ILjava/lang/Object;)V+166
j  org.eclipse.osgi.framework.eventmgr.EventManager.dispatchEvent(Ljava/util/Set;Lorg/eclipse/osgi/framework/eventmgr/EventDispatcher;ILjava/lang/Object;)V+48
j  org.eclipse.osgi.framework.eventmgr.ListenerQueue.dispatchEventSynchronous(ILjava/lang/Object;)V+67
j  org.eclipse.osgi.internal.framework.EquinoxEventPublisher.publishBundleEventPrivileged(Lorg/osgi/framework/BundleEvent;)V+547
j  org.eclipse.osgi.internal.framework.EquinoxEventPublisher.publishBundleEvent(Lorg/osgi/framework/BundleEvent;)V+8
j  org.eclipse.osgi.internal.framework.EquinoxEventPublisher.publishBundleEvent(ILorg/osgi/framework/Bundle;Lorg/osgi/framework/Bundle;)V+15
j  org.eclipse.osgi.internal.framework.EquinoxContainerAdaptor.publishModuleEvent(Lorg/eclipse/osgi/container/ModuleContainerAdaptor$ModuleEvent;Lorg/eclipse/osgi/container/Module;Lorg/eclipse/osgi/container/Module;)V+29
j  org.eclipse.osgi.container.Module.publishEvent(Lorg/eclipse/osgi/container/ModuleContainerAdaptor$ModuleEvent;)V+13
j  org.eclipse.osgi.container.Module.start([Lorg/eclipse/osgi/container/Module$StartOptions;)V+588
j  org.eclipse.osgi.container.ModuleContainer$ContainerStartLevel$2.run()V+83
j  org.eclipse.osgi.internal.framework.EquinoxContainerAdaptor$1$1.execute(Ljava/lang/Runnable;)V+1
j  org.eclipse.osgi.container.ModuleContainer$ContainerStartLevel.incStartLevel(ILjava/util/List;Z)V+193
j  org.eclipse.osgi.container.ModuleContainer$ContainerStartLevel.incStartLevel(ILjava/util/List;Ljava/util/List;Ljava/util/List;Ljava/util/List;)V+4
j  org.eclipse.osgi.container.ModuleContainer$ContainerStartLevel.doContainerStartLevel(Lorg/eclipse/osgi/container/Module;I[Lorg/osgi/framework/FrameworkListener;)V+358
j  org.eclipse.osgi.container.ModuleContainer$ContainerStartLevel.dispatchEvent(Lorg/eclipse/osgi/container/Module;[Lorg/osgi/framework/FrameworkListener;ILjava/lang/Integer;)V+32
j  org.eclipse.osgi.container.ModuleContainer$ContainerStartLevel.dispatchEvent(Ljava/lang/Object;Ljava/lang/Object;ILjava/lang/Object;)V+15
j  org.eclipse.osgi.framework.eventmgr.EventManager.dispatchEvent(Ljava/util/Set;Lorg/eclipse/osgi/framework/eventmgr/EventDispatcher;ILjava/lang/Object;)V+48
j  org.eclipse.osgi.framework.eventmgr.EventManager$EventThread.run()V+26
v  ~StubRoutines::call_stub 0x0000021cdb95100d

Compiled method (n/a) 4474  903     n 0       java.lang.ClassLoader::defineClass0 (native)
 total in heap  [0x0000021cdbf41c10,0x0000021cdbf420c8] = 1208
 relocation     [0x0000021cdbf41d70,0x0000021cdbf41da8] = 56
 main code      [0x0000021cdbf41dc0,0x0000021cdbf420c1] = 769
 stub code      [0x0000021cdbf420c1,0x0000021cdbf420c8] = 7

[Constant Pool (empty)]

[MachCode]
[Entry Point]
  # {method} {0x0000021c804361f8} 'defineClass0' '(Ljava/lang/ClassLoader;Ljava/lang/Class;Ljava/lang/String;[BIILjava/security/ProtectionDomain;ZILjava/lang/Object;)Ljava/lang/Class;' in 'java/lang/ClassLoader'
  # parm0:    rdx:rdx   = 'java/lang/ClassLoader'
  # parm1:    r8:r8     = 'java/lang/Class'
  # parm2:    r9:r9     = 'java/lang/String'
  # parm3:    rdi:rdi   = '[B'
  # parm4:    rsi       = int
  # parm5:    rcx       = int
  # parm6:    [sp+0xb0]   = 'java/security/ProtectionDomain'  (sp of caller)
  # parm7:    [sp+0xb8]   = boolean
  # parm8:    [sp+0xc0]   = int
  # parm9:    [sp+0xc8]   = 'java/lang/Object'
  0x0000021cdbf41dc0: 448b 5208 | 49bb 0000 | 0080 1c02 | 0000 4d03 | d349 3bc2 | 0f84 0600 

  0x0000021cdbf41dd8: ;   {runtime_call ic_miss_stub}
  0x0000021cdbf41dd8: 0000 e9a1 | c6a5 ff90 
[Verified Entry Point]
  0x0000021cdbf41de0: 8984 2400 | 80ff ff55 | 488b ec48 | 81ec a000 | 0000 6690 | 4181 7f20 | 0100 0000 

  0x0000021cdbf41dfc: ;   {runtime_call StubRoutines (final stubs)}
  0x0000021cdbf41dfc: 7405 e8dd | 6ba4 ff48 | 837d 2800 | 488d 4528 | 480f 4445 | 2848 8944 | 2458 4863 | 4520 4889 
  0x0000021cdbf41e1c: 4424 5048 | 6345 1848 | 8944 2448 | 4883 7d10 | 0048 8d45 | 1048 0f44 | 4510 4889 | 4424 4048 
  0x0000021cdbf41e3c: 894c 2438 | 4889 7424 | 3048 897c | 2478 4883 | ff00 488d | 4424 7848 | 0f44 4424 | 7848 8944 
  0x0000021cdbf41e5c: 2428 4c89 | 4c24 7049 | 83f9 0048 | 8d44 2470 | 480f 4444 | 2470 4889 | 4424 204c | 8944 2468 
  0x0000021cdbf41e7c: 4983 f800 | 4c8d 4c24 | 684c 0f44 | 4c24 6848 | 8954 2460 | 4883 fa00 | 4c8d 4424 | 604c 0f44 
  0x0000021cdbf41e9c: ;   {oop(a 'java/lang/Class'{0x00000000d72846f8} = 'java/lang/ClassLoader')}
  0x0000021cdbf41e9c: 4424 6049 | bef8 4628 | d700 0000 | 004c 89b4 | 2490 0000 | 004c 8db4 | 2490 0000 | 0049 8bd6 
  0x0000021cdbf41ebc: ;   {internal_word}
  0x0000021cdbf41ebc: c5f8 7749 | babc 1ef4 | db1c 0200 | 004d 8997 | a003 0000 | 4989 a798 

  0x0000021cdbf41ed4: ;   {external_word}
  0x0000021cdbf41ed4: 0300 0049 | bacf 4ddb | 28ff 7f00 | 0041 803a | 000f 844e | 0000 0052 | 4150 4151 

  0x0000021cdbf41ef0: ;   {metadata({method} {0x0000021c804361f8} 'defineClass0' '(Ljava/lang/ClassLoader;Ljava/lang/Class;Ljava/lang/String;[BIILjava/security/ProtectionDomain;ZILjava/lang/Object;)Ljava/lang/Class;' in 'java/lang/ClassLoader')}
  0x0000021cdbf41ef0: 48ba f061 | 4380 1c02 | 0000 498b | cf48 83ec | 2040 f6c4 | 0f0f 8419 | 0000 0048 

  0x0000021cdbf41f0c: ;   {runtime_call}
  0x0000021cdbf41f0c: 83ec 0848 | b840 d584 | 28ff 7f00 | 00ff d048 | 83c4 08e9 | 0c00 0000 

  0x0000021cdbf41f24: ;   {runtime_call}
  0x0000021cdbf41f24: 48b8 40d5 | 8428 ff7f | 0000 ffd0 | 4883 c420 | 4159 4158 | 5a49 8d8f | b803 0000 | 41c7 8744 
  0x0000021cdbf41f44: 0400 0004 

  0x0000021cdbf41f48: ;   {runtime_call}
  0x0000021cdbf41f48: 0000 0048 | b81c 15f9 | d1ff 7f00 | 00ff d0c5 | f877 41c7 | 8744 0400 | 0005 0000 | 00f0 8344 
  0x0000021cdbf41f68: 24c0 0049 | 3baf 4804 | 0000 0f87 | 0e00 0000 | 4183 bf40 | 0400 0000 | 0f84 2b00 | 0000 c5f8 
  0x0000021cdbf41f88: 7748 8945 | f849 8bcf | 4c8b e448 | 83ec 2048 

  0x0000021cdbf41f98: ;   {runtime_call}
  0x0000021cdbf41f98: 83e4 f048 | b8e0 4b50 | 28ff 7f00 | 00ff d049 | 8be4 4d33 | e448 8b45 | f841 c787 | 4404 0000 
  0x0000021cdbf41fb8: 0800 0000 | 4183 bfc0 | 0400 0002 | 0f84 ca00 

  0x0000021cdbf41fc8: ;   {external_word}
  0x0000021cdbf41fc8: 0000 49ba | cf4d db28 | ff7f 0000 | 4180 3a00 | 0f84 4c00 | 0000 4889 

  0x0000021cdbf41fe0: ;   {metadata({method} {0x0000021c804361f8} 'defineClass0' '(Ljava/lang/ClassLoader;Ljava/lang/Class;Ljava/lang/String;[BIILjava/security/ProtectionDomain;ZILjava/lang/Object;)Ljava/lang/Class;' in 'java/lang/ClassLoader')}
  0x0000021cdbf41fe0: 45f8 48ba | f061 4380 | 1c02 0000 | 498b cf48 | 83ec 2040 | f6c4 0f0f | 8419 0000 | 0048 83ec 
  0x0000021cdbf42000: ;   {runtime_call}
  0x0000021cdbf42000: 0848 b840 | d584 28ff | 7f00 00ff | d048 83c4 | 08e9 0c00 

  0x0000021cdbf42014: ;   {runtime_call}
  0x0000021cdbf42014: 0000 48b8 | 40d5 8428 | ff7f 0000 | ffd0 4883 | c420 488b | 45f8 49c7 | 8798 0300 | 0000 0000 
  0x0000021cdbf42034: 0049 c787 | a003 0000 | 0000 0000 | c5f8 7748 | 85c0 0f84 | 2500 0000 | a803 0f85 | 0800 0000 
  0x0000021cdbf42054: 488b 00e9 | 1500 0000 | a801 0f85 | 0900 0000 | 488b 40fe | e904 0000 | 0048 8b40 | ff49 8b8f 
  0x0000021cdbf42074: 2804 0000 | c781 0001 | 0000 0000 | 0000 c949 | 837f 0800 | 0f85 0100 

  0x0000021cdbf4208c: ;   {runtime_call StubRoutines (initial stubs)}
  0x0000021cdbf4208c: 0000 c3e9 | 6cee a0ff | c5f8 7748 | 8945 f84c | 8be4 4883 | ec20 4883 

  0x0000021cdbf420a4: ;   {runtime_call}
  0x0000021cdbf420a4: e4f0 48b8 | 900c 8528 | ff7f 0000 | ffd0 498b | e44d 33e4 | 488b 45f8 | e909 ffff | fff4 f4f4 
  0x0000021cdbf420c4: f4f4 f4f4 
[/MachCode]


Compiled method (c1) 4517  625       3       java.lang.invoke.LambdaForm::prepare (108 bytes)
 total in heap  [0x0000021cd4505310,0x0000021cd4505f40] = 3120
 relocation     [0x0000021cd4505470,0x0000021cd4505550] = 224
 main code      [0x0000021cd4505560,0x0000021cd4505c10] = 1712
 stub code      [0x0000021cd4505c10,0x0000021cd4505ca8] = 152
 metadata       [0x0000021cd4505ca8,0x0000021cd4505cf0] = 72
 scopes data    [0x0000021cd4505cf0,0x0000021cd4505da8] = 184
 scopes pcs     [0x0000021cd4505da8,0x0000021cd4505ee8] = 320
 dependencies   [0x0000021cd4505ee8,0x0000021cd4505f00] = 24
 nul chk table  [0x0000021cd4505f00,0x0000021cd4505f40] = 64

[Constant Pool (empty)]

[MachCode]
[Entry Point]
  # {method} {0x0000021c800902b0} 'prepare' '()V' in 'java/lang/invoke/LambdaForm'
  #           [sp+0x70]  (sp of caller)
  0x0000021cd4505560: 448b 5208 | 49bb 0000 | 0080 1c02 | 0000 4d03 | d34c 3bd0 

  0x0000021cd4505574: ;   {runtime_call ic_miss_stub}
  0x0000021cd4505574: 0f85 068f | 4907 660f | 1f44 0000 
[Verified Entry Point]
  0x0000021cd4505580: 8984 2400 | 80ff ff55 | 4883 ec60 | 4181 7f20 | 0100 0000 

  0x0000021cd4505594: ;   {runtime_call StubRoutines (final stubs)}
  0x0000021cd4505594: 7405 e845 | 3448 0748 | 8954 2438 

  0x0000021cd45055a0: ;   {metadata(method data for {method} {0x0000021c800902b0} 'prepare' '()V' in 'java/lang/invoke/LambdaForm')}
  0x0000021cd45055a0: 48be a8fa | 15ea 1c02 | 0000 8bbe | cc00 0000 | 83c7 0289 | becc 0000 | 0081 e7fe | 0700 0085 
  0x0000021cd45055c0: ff0f 8452 

  0x0000021cd45055c4: ;   {metadata(method data for {method} {0x0000021c800902b0} 'prepare' '()V' in 'java/lang/invoke/LambdaForm')}
  0x0000021cd45055c4: 0500 0048 | bea8 fa15 | ea1c 0200 | 00ff 8620 | 0100 0048 

  0x0000021cd45055d8: ;   {metadata(method data for {method} {0x0000021c800902b0} 'prepare' '()V' in 'java/lang/invoke/LambdaForm')}
  0x0000021cd45055d8: 8bf2 48bf | a8fa 15ea | 1c02 0000 | 4883 8730 | 0100 0001 

  0x0000021cd45055ec: ;   {metadata(method data for {method} {0x0000021c803fa028} 'forceInterpretation' '()Z' in 'java/lang/invoke/LambdaForm')}
  0x0000021cd45055ec: 48be 606c | 09ea 1c02 | 0000 8bbe | cc00 0000 | 83c7 0289 | becc 0000 | 0081 e7fe | ff1f 0085 
  0x0000021cd450560c: ff0f 8427 | 0500 008b | 7214 83fe 

  0x0000021cd4505618: ;   {metadata(method data for {method} {0x0000021c803fa028} 'forceInterpretation' '()Z' in 'java/lang/invoke/LambdaForm')}
  0x0000021cd4505618: ff48 be60 | 6c09 ea1c | 0200 0048 | c7c7 1001 | 0000 7507 | 48c7 c720 | 0100 0048 | 8b1c 3e48 
  0x0000021cd4505638: 8d5b 0148 | 891c 3e0f | 851a 0000 

  0x0000021cd4505644: ;   {metadata(method data for {method} {0x0000021c803fa028} 'forceInterpretation' '()Z' in 'java/lang/invoke/LambdaForm')}
  0x0000021cd4505644: 0048 be60 | 6c09 ea1c | 0200 00ff | 8630 0100 | 00be 0100 | 0000 e905 | 0000 00be | 0000 0000 
  0x0000021cd4505664: 83e6 0185 

  0x0000021cd4505668: ;   {metadata(method data for {method} {0x0000021c800902b0} 'prepare' '()V' in 'java/lang/invoke/LambdaForm')}
  0x0000021cd4505668: f648 bea8 | fa15 ea1c | 0200 0048 | c7c7 6801 | 0000 7507 | 48c7 c778 | 0100 0048 | 8b1c 3e48 
  0x0000021cd4505688: 8d5b 0148 | 891c 3e0f | 8574 0000 | 000f be72 

  0x0000021cd4505698: ;   {metadata(method data for {method} {0x0000021c800902b0} 'prepare' '()V' in 'java/lang/invoke/LambdaForm')}
  0x0000021cd4505698: 1985 f648 | bea8 fa15 | ea1c 0200 | 0048 c7c7 | 8801 0000 | 7507 48c7 | c798 0100 | 0048 8b1c 
  0x0000021cd45056b8: 3e48 8d5b | 0148 891c | 3e0f 8542 | 0000 0048 

  0x0000021cd45056c8: ;   {metadata(method data for {method} {0x0000021c800902b0} 'prepare' '()V' in 'java/lang/invoke/LambdaForm')}
  0x0000021cd45056c8: 8bf2 48bf | a8fa 15ea | 1c02 0000 

  0x0000021cd45056d4: ;   {metadata('java/lang/invoke/LambdaForm')}
  0x0000021cd45056d4: 49ba f8fb | 0880 1c02 | 0000 4c89 | 97b8 0100 | 0048 8387 | c001 0000 | 0148 8bf2 | 488b d60f 
  0x0000021cd45056f4: ;   {optimized virtual_call}
  0x0000021cd45056f4: 1f40 00e8 

  0x0000021cd45056f8: ; ImmutableOopMap {[56]=Oop }
                      ;*invokevirtual compileToBytecode {reexecute=0 rethrow=0 return_oop=0}
                      ; - java.lang.invoke.LambdaForm::prepare@21
  0x0000021cd45056f8: 1905 0000 

  0x0000021cd45056fc: ;   {other}
  0x0000021cd45056fc: 0f1f 8400 | ec03 0000 | 488b 5424 | 388b 7228 

  0x0000021cd450570c: ;   {metadata(method data for {method} {0x0000021c800902b0} 'prepare' '()V' in 'java/lang/invoke/LambdaForm')}
  0x0000021cd450570c: 4885 f648 | bea8 fa15 | ea1c 0200 | 0048 c7c7 | f001 0000 | 7507 48c7 | c7e0 0100 | 0048 8b1c 
  0x0000021cd450572c: 3e48 8d5b | 0148 891c | 3e0f 85cb | 0300 0048 

  0x0000021cd450573c: ;   {metadata(method data for {method} {0x0000021c800902b0} 'prepare' '()V' in 'java/lang/invoke/LambdaForm')}
  0x0000021cd450573c: 8bf2 48bf | a8fa 15ea | 1c02 0000 

  0x0000021cd4505748: ;   {metadata('java/lang/invoke/LambdaForm')}
  0x0000021cd4505748: 49ba f8fb | 0880 1c02 | 0000 4c89 | 9710 0200 | 0048 8387 | 1802 0000 | 0148 8bf2 

  0x0000021cd4505764: ;   {optimized virtual_call}
  0x0000021cd4505764: 488b d6e8 

  0x0000021cd4505768: ; ImmutableOopMap {[56]=Oop }
                      ;*invokevirtual methodType {reexecute=0 rethrow=0 return_oop=0}
                      ; - java.lang.invoke.LambdaForm::prepare@33
  0x0000021cd4505768: 1490 4907 

  0x0000021cd450576c: ;   {other}
  0x0000021cd450576c: 0f1f 8400 | 5c04 0001 | 4889 4424 | 4048 3b00 

  0x0000021cd450577c: ;   {metadata(method data for {method} {0x0000021c800902b0} 'prepare' '()V' in 'java/lang/invoke/LambdaForm')}
  0x0000021cd450577c: 488b d048 | bea8 fa15 | ea1c 0200 | 0048 8386 | 3802 0000 | 018b 5014 

  0x0000021cd4505794: ; implicit exception: dispatches to 0x0000021cd4505b60
  0x0000021cd4505794: 483b 0248 

  0x0000021cd4505798: ;   {metadata(method data for {method} {0x0000021c800902b0} 'prepare' '()V' in 'java/lang/invoke/LambdaForm')}
  0x0000021cd4505798: 8bf2 48bf | a8fa 15ea | 1c02 0000 | 4883 8770 | 0200 0001 

  0x0000021cd45057ac: ;   {metadata(method data for {method} {0x0000021c803f8ef8} 'cachedLambdaForm' '(I)Ljava/lang/invoke/LambdaForm;' in 'java/lang/invoke/MethodTypeForm')}
  0x0000021cd45057ac: 48be b806 | 16ea 1c02 | 0000 8bbe | cc00 0000 | 83c7 0289 | becc 0000 | 0081 e7fe | ff1f 0085 
  0x0000021cd45057cc: ff0f 8492 | 0300 008b | 521c 8b72 | 0c83 fe06 | 0f86 a903 | 0000 8b52 | 2848 85d2 

  0x0000021cd45057e8: ;   {metadata(method data for {method} {0x0000021c803f8ef8} 'cachedLambdaForm' '(I)Ljava/lang/invoke/LambdaForm;' in 'java/lang/invoke/MethodTypeForm')}
  0x0000021cd45057e8: 48be b806 | 16ea 1c02 | 0000 48c7 | c710 0100 | 0074 0748 | c7c7 2001 | 0000 488b | 1c3e 488d 
  0x0000021cd4505808: 5b01 4889 | 1c3e 0f84 | a701 0000 

  0x0000021cd4505814: ; implicit exception: dispatches to 0x0000021cd4505b9d
  0x0000021cd4505814: 483b 0248 

  0x0000021cd4505818: ;   {metadata(method data for {method} {0x0000021c803f8ef8} 'cachedLambdaForm' '(I)Ljava/lang/invoke/LambdaForm;' in 'java/lang/invoke/MethodTypeForm')}
  0x0000021cd4505818: 8bf2 48bf | b806 16ea | 1c02 0000 | 8b76 0849 | ba00 0000 | 801c 0200 | 0049 03f2 | 483b b740 
  0x0000021cd4505838: 0100 0075 | 0d48 8387 | 4801 0000 | 01e9 6000 | 0000 483b | b750 0100 | 0075 0d48 | 8387 5801 
  0x0000021cd4505858: 0000 01e9 | 4a00 0000 | 4883 bf40 | 0100 0000 | 7517 4889 | b740 0100 | 0048 c787 | 4801 0000 
  0x0000021cd4505878: 0100 0000 | e929 0000 | 0048 83bf | 5001 0000 | 0075 1748 | 89b7 5001 | 0000 48c7 | 8758 0100 
  0x0000021cd4505898: 0001 0000 | 00e9 0800 | 0000 4883 | 8730 0100 | 0001 0f1f 

  0x0000021cd45058ac: ;   {optimized virtual_call}
  0x0000021cd45058ac: 4400 00e8 

  0x0000021cd45058b0: ; ImmutableOopMap {[56]=Oop [64]=Oop }
                      ;*invokevirtual get {reexecute=0 rethrow=0 return_oop=0}
                      ; - java.lang.invoke.MethodTypeForm::cachedLambdaForm@12
                      ; - java.lang.invoke.LambdaForm::prepare@43
  0x0000021cd45058b0: cc8e 4907 

  0x0000021cd45058b4: ;   {other}
  0x0000021cd45058b4: 0f1f 8400 | a405 0002 | 4885 c075 

  0x0000021cd45058c0: ;   {metadata(method data for {method} {0x0000021c803f8ef8} 'cachedLambdaForm' '(I)Ljava/lang/invoke/LambdaForm;' in 'java/lang/invoke/MethodTypeForm')}
  0x0000021cd45058c0: 1648 bfb8 | 0616 ea1c | 0200 0080 | 8f61 0100 | 0001 e9cc 

  0x0000021cd45058d4: ;   {metadata('java/lang/invoke/LambdaForm')}
  0x0000021cd45058d4: 0000 0048 | bbf8 fb08 | 801c 0200 | 008b 7008 | 49ba 0000 | 0080 1c02 | 0000 4903 | f248 3bde 
  0x0000021cd45058f4: 0f85 8d00 

  0x0000021cd45058f8: ;   {metadata(method data for {method} {0x0000021c803f8ef8} 'cachedLambdaForm' '(I)Ljava/lang/invoke/LambdaForm;' in 'java/lang/invoke/MethodTypeForm')}
  0x0000021cd45058f8: 0000 48bf | b806 16ea | 1c02 0000 | 8b58 0849 | ba00 0000 | 801c 0200 | 0049 03da | 483b 9f78 
  0x0000021cd4505918: 0100 0075 | 0d48 8387 | 8001 0000 | 01e9 7900 | 0000 483b | 9f88 0100 | 0075 0d48 | 8387 9001 
  0x0000021cd4505938: 0000 01e9 | 6300 0000 | 4883 bf78 | 0100 0000 | 7517 4889 | 9f78 0100 | 0048 c787 | 8001 0000 
  0x0000021cd4505958: 0100 0000 | e942 0000 | 0048 83bf | 8801 0000 | 0075 1748 | 899f 8801 | 0000 48c7 | 8790 0100 
  0x0000021cd4505978: 0001 0000 | 00e9 2100 | 0000 e91c 

  0x0000021cd4505984: ;   {metadata(method data for {method} {0x0000021c803f8ef8} 'cachedLambdaForm' '(I)Ljava/lang/invoke/LambdaForm;' in 'java/lang/invoke/MethodTypeForm')}
  0x0000021cd4505984: 0000 0048 | bfb8 0616 | ea1c 0200 | 0048 83af | 6801 0000 | 01e9 0402 | 0000 e900 | 0000 0048 
  0x0000021cd45059a4: ;   {metadata(method data for {method} {0x0000021c803f8ef8} 'cachedLambdaForm' '(I)Ljava/lang/invoke/LambdaForm;' in 'java/lang/invoke/MethodTypeForm')}
  0x0000021cd45059a4: 8bd0 48be | b806 16ea | 1c02 0000 | ff86 a001 | 0000 e90a 

  0x0000021cd45059b8: ;   {oop(nullptr)}
  0x0000021cd45059b8: 0000 0048 | ba00 0000 | 0000 0000 | 0048 85d2 

  0x0000021cd45059c8: ;   {metadata(method data for {method} {0x0000021c800902b0} 'prepare' '()V' in 'java/lang/invoke/LambdaForm')}
  0x0000021cd45059c8: 48be a8fa | 15ea 1c02 | 0000 48c7 | c7a8 0200 | 0075 0748 | c7c7 b802 | 0000 488b | 1c3e 488d 
  0x0000021cd45059e8: 5b01 4889 | 1c3e 0f85 | db00 0000 

  0x0000021cd45059f4: ;   {metadata(method data for {method} {0x0000021c800902b0} 'prepare' '()V' in 'java/lang/invoke/LambdaForm')}
  0x0000021cd45059f4: 48ba a8fa | 15ea 1c02 | 0000 ff82 | c802 0000 | 488b 4424 

  0x0000021cd4505a08: ;   {metadata(method data for {method} {0x0000021c800902b0} 'prepare' '()V' in 'java/lang/invoke/LambdaForm')}
  0x0000021cd4505a08: 4048 baa8 | fa15 ea1c | 0200 0048 | 8382 6003 | 0000 0148 

  0x0000021cd4505a1c: ;   {static_call}
  0x0000021cd4505a1c: 8bd0 90e8 

  0x0000021cd4505a20: ; ImmutableOopMap {[56]=Oop [64]=Oop }
                      ;*invokestatic createBlankForType {reexecute=0 rethrow=0 return_oop=0}
                      ; - java.lang.invoke.LambdaForm::prepare@76
  0x0000021cd4505a20: 5c93 4907 

  0x0000021cd4505a24: ;   {other}
  0x0000021cd4505a24: 0f1f 8400 | 1407 0003 

  0x0000021cd4505a2c: ;   {metadata(method data for {method} {0x0000021c800902b0} 'prepare' '()V' in 'java/lang/invoke/LambdaForm')}
  0x0000021cd4505a2c: 48ba a8fa | 15ea 1c02 | 0000 4883 | 8270 0300 | 0001 488b | 5424 4048 | 8944 2448 | 0f1f 8000 
  0x0000021cd4505a4c: ;   {static_call}
  0x0000021cd4505a4c: 0000 00e8 

  0x0000021cd4505a50: ; ImmutableOopMap {[56]=Oop [64]=Oop [72]=Oop }
                      ;*invokestatic generateLambdaFormInterpreterEntryPoint {reexecute=0 rethrow=0 return_oop=0}
                      ; - java.lang.invoke.LambdaForm::prepare@82
  0x0000021cd4505a50: 2c93 4907 

  0x0000021cd4505a54: ;   {other}
  0x0000021cd4505a54: 0f1f 8400 | 4407 0004 | 4c8b 4c24 | 484c 8bd0 

  0x0000021cd4505a64: ; implicit exception: dispatches to 0x0000021cd4505bab
  0x0000021cd4505a64: 4589 5128 | 4d8d 0149 | c1e8 0948 | ba00 007c | d01c 0200 | 0041 c604 | 1000 488b 

  0x0000021cd4505a80: ;   {metadata(method data for {method} {0x0000021c800902b0} 'prepare' '()V' in 'java/lang/invoke/LambdaForm')}
  0x0000021cd4505a80: 4424 4049 | b8a8 fa15 | ea1c 0200 | 0049 8380 | 8003 0000 | 0148 8b44 | 2440 8b50 | 1448 3b02 
  0x0000021cd4505aa0: ;   {metadata(method data for {method} {0x0000021c800902b0} 'prepare' '()V' in 'java/lang/invoke/LambdaForm')}
  0x0000021cd4505aa0: 4c8b c248 | bea8 fa15 | ea1c 0200 | 0048 8386 | b803 0000 | 0141 b806 | 0000 000f 

  0x0000021cd4505abc: ;   {optimized virtual_call}
  0x0000021cd4505abc: 1f40 00e8 

  0x0000021cd4505ac0: ; ImmutableOopMap {[56]=Oop }
                      ;*invokevirtual setCachedLambdaForm {reexecute=0 rethrow=0 return_oop=0}
                      ; - java.lang.invoke.LambdaForm::prepare@95
  0x0000021cd4505ac0: bc8c 4907 

  0x0000021cd4505ac4: ;   {other}
  0x0000021cd4505ac4: 0f1f 8400 | b407 0005 | 488b d048 | 8b74 2438 

  0x0000021cd4505ad4: ; implicit exception: dispatches to 0x0000021cd4505bb5
  0x0000021cd4505ad4: 8b7a 284c | 8bd7 4489 | 5628 488d | 3648 c1ee | 0948 bf00 | 007c d01c | 0200 00c6 | 043e 0048 
  0x0000021cd4505af4: 83c4 605d 

  0x0000021cd4505af8: ;   {poll_return}
  0x0000021cd4505af8: 493b a748 | 0400 000f | 87b5 0000 | 00c3 4883 

  0x0000021cd4505b08: ;   {poll_return}
  0x0000021cd4505b08: c460 5d49 | 3ba7 4804 | 0000 0f87 | b800 0000 

  0x0000021cd4505b18: ;   {metadata({method} {0x0000021c800902b0} 'prepare' '()V' in 'java/lang/invoke/LambdaForm')}
  0x0000021cd4505b18: c349 baa8 | 0209 801c | 0200 004c | 8954 2408 | 48c7 0424 | ffff ffff 

  0x0000021cd4505b30: ;   {runtime_call counter_overflow Runtime1 stub}
  0x0000021cd4505b30: e8cb c654 

  0x0000021cd4505b34: ; ImmutableOopMap {rdx=Oop [56]=Oop }
                      ;*synchronization entry
                      ; - java.lang.invoke.LambdaForm::prepare@-1
  0x0000021cd4505b34: 07e9 8dfa 

  0x0000021cd4505b38: ;   {metadata({method} {0x0000021c803fa028} 'forceInterpretation' '()Z' in 'java/lang/invoke/LambdaForm')}
  0x0000021cd4505b38: ffff 49ba | 20a0 3f80 | 1c02 0000 | 4c89 5424 | 0848 c704 | 24ff ffff 

  0x0000021cd4505b50: ;   {runtime_call counter_overflow Runtime1 stub}
  0x0000021cd4505b50: ffe8 aac6 

  0x0000021cd4505b54: ; ImmutableOopMap {rdx=Oop [56]=Oop }
                      ;*synchronization entry
                      ; - java.lang.invoke.LambdaForm::forceInterpretation@-1
                      ; - java.lang.invoke.LambdaForm::prepare@7
  0x0000021cd4505b54: 5407 e9b8 

  0x0000021cd4505b58: ;   {runtime_call throw_null_pointer_exception Runtime1 stub}
  0x0000021cd4505b58: faff ffe8 

  0x0000021cd4505b5c: ; ImmutableOopMap {rax=Oop [56]=Oop [64]=Oop }
                      ;*invokevirtual form {reexecute=0 rethrow=0 return_oop=0}
                      ; - java.lang.invoke.LambdaForm::prepare@38
  0x0000021cd4505b5c: a076 5407 

  0x0000021cd4505b60: ;   {runtime_call throw_null_pointer_exception Runtime1 stub}
  0x0000021cd4505b60: e89b 7654 

  0x0000021cd4505b64: ; ImmutableOopMap {rax=Oop rdx=Oop [56]=Oop [64]=Oop }
                      ;*invokevirtual cachedLambdaForm {reexecute=0 rethrow=0 return_oop=0}
                      ; - java.lang.invoke.LambdaForm::prepare@43
                      ;   {metadata({method} {0x0000021c803f8ef8} 'cachedLambdaForm' '(I)Ljava/lang/invoke/LambdaForm;' in 'java/lang/invoke/MethodTypeForm')}
  0x0000021cd4505b64: 0749 baf0 | 8e3f 801c | 0200 004c | 8954 2408 | 48c7 0424 | ffff ffff 

  0x0000021cd4505b7c: ;   {runtime_call counter_overflow Runtime1 stub}
  0x0000021cd4505b7c: e87f c654 

  0x0000021cd4505b80: ; ImmutableOopMap {rax=Oop rdx=Oop [56]=Oop [64]=Oop }
                      ;*synchronization entry
                      ; - java.lang.invoke.MethodTypeForm::cachedLambdaForm@-1
                      ; - java.lang.invoke.LambdaForm::prepare@43
  0x0000021cd4505b80: 07e9 4dfc 

  0x0000021cd4505b84: ;   {runtime_call throw_null_pointer_exception Runtime1 stub}
  0x0000021cd4505b84: ffff e875 

  0x0000021cd4505b88: ; ImmutableOopMap {rax=Oop rdx=Oop [56]=Oop [64]=Oop }
                      ;*aaload {reexecute=0 rethrow=0 return_oop=0}
                      ; - java.lang.invoke.MethodTypeForm::cachedLambdaForm@5
                      ; - java.lang.invoke.LambdaForm::prepare@43
  0x0000021cd4505b88: 7654 0748 | c704 2406 | 0000 0048 | 8954 2408 

  0x0000021cd4505b98: ;   {runtime_call throw_range_check_failed Runtime1 stub}
  0x0000021cd4505b98: e863 6d54 

  0x0000021cd4505b9c: ; ImmutableOopMap {rax=Oop rdx=Oop [56]=Oop [64]=Oop }
                      ;*aaload {reexecute=0 rethrow=0 return_oop=0}
                      ; - java.lang.invoke.MethodTypeForm::cachedLambdaForm@5
                      ; - java.lang.invoke.LambdaForm::prepare@43
                      ;   {runtime_call throw_null_pointer_exception Runtime1 stub}
  0x0000021cd4505b9c: 07e8 5e76 

  0x0000021cd4505ba0: ; ImmutableOopMap {rdx=Oop [56]=Oop [64]=Oop }
                      ;*invokevirtual get {reexecute=0 rethrow=0 return_oop=0}
                      ; - java.lang.invoke.MethodTypeForm::cachedLambdaForm@12
                      ; - java.lang.invoke.LambdaForm::prepare@43
  0x0000021cd4505ba0: 5407 4889 

  0x0000021cd4505ba4: ;   {runtime_call throw_class_cast_exception Runtime1 stub}
  0x0000021cd4505ba4: 0424 e855 

  0x0000021cd4505ba8: ; ImmutableOopMap {[56]=Oop [64]=Oop }
                      ;*checkcast {reexecute=0 rethrow=0 return_oop=0}
                      ; - java.lang.invoke.MethodTypeForm::cachedLambdaForm@15
                      ; - java.lang.invoke.LambdaForm::prepare@43
                      ;   {runtime_call throw_null_pointer_exception Runtime1 stub}
  0x0000021cd4505ba8: 9a54 07e8 

  0x0000021cd4505bac: ; ImmutableOopMap {r9=Oop [56]=Oop [64]=Oop }
                      ;*putfield vmentry {reexecute=1 rethrow=0 return_oop=0}
                      ; - (reexecute) java.lang.invoke.LambdaForm::prepare@85
  0x0000021cd4505bac: 5076 5407 

  0x0000021cd4505bb0: ;   {runtime_call throw_null_pointer_exception Runtime1 stub}
  0x0000021cd4505bb0: e84b 7654 

  0x0000021cd4505bb4: ; ImmutableOopMap {r9=Oop rdx=Oop [56]=Oop }
                      ;*invokevirtual setCachedLambdaForm {reexecute=0 rethrow=0 return_oop=0}
                      ; - java.lang.invoke.LambdaForm::prepare@95
                      ;   {runtime_call throw_null_pointer_exception Runtime1 stub}
  0x0000021cd4505bb4: 07e8 4676 

  0x0000021cd4505bb8: ; ImmutableOopMap {rsi=Oop [56]=Oop }
                      ;*getfield vmentry {reexecute=1 rethrow=0 return_oop=0}
                      ; - (reexecute) java.lang.invoke.LambdaForm::prepare@101
                      ;   {internal_word}
  0x0000021cd4505bb8: 5407 49ba | f85a 50d4 | 1c02 0000 | 4d89 9760 

  0x0000021cd4505bc8: ;   {runtime_call SafepointBlob}
  0x0000021cd4505bc8: 0400 00e9 | 30ef 4907 

  0x0000021cd4505bd0: ;   {internal_word}
  0x0000021cd4505bd0: 49ba 0b5b | 50d4 1c02 | 0000 4d89 | 9760 0400 

  0x0000021cd4505be0: ;   {runtime_call SafepointBlob}
  0x0000021cd4505be0: 00e9 1aef | 4907 498b | 87f8 0400 | 0049 c787 | f804 0000 | 0000 0000 | 49c7 8700 | 0500 0000 
  0x0000021cd4505c00: 0000 0048 | 83c4 605d 

  0x0000021cd4505c08: ;   {runtime_call unwind_exception Runtime1 stub}
  0x0000021cd4505c08: e9f3 6654 | 07f4 f4f4 
[Stub Code]
  0x0000021cd4505c10: ;   {no_reloc}
  0x0000021cd4505c10: 0f1f 4400 

  0x0000021cd4505c14: ;   {static_stub}
  0x0000021cd4505c14: 0048 bbf8 | 0109 801c 

  0x0000021cd4505c1c: ;   {runtime_call I2C/C2I adapters}
  0x0000021cd4505c1c: 0200 00e9 | bf7f 4907 

  0x0000021cd4505c24: ;   {static_stub}
  0x0000021cd4505c24: 9048 bb00 | 0000 0000 

  0x0000021cd4505c2c: ;   {runtime_call nmethod}
  0x0000021cd4505c2c: 0000 00e9 | fbff ffff 

  0x0000021cd4505c34: ;   {static_stub}
  0x0000021cd4505c34: 9048 bb00 | 0000 0000 

  0x0000021cd4505c3c: ;   {runtime_call nmethod}
  0x0000021cd4505c3c: 0000 00e9 | fbff ffff 

  0x0000021cd4505c44: ;   {static_stub}
  0x0000021cd4505c44: 48bb 0000 | 0000 0000 

  0x0000021cd4505c4c: ;   {runtime_call nmethod}
  0x0000021cd4505c4c: 0000 e9fb 

  0x0000021cd4505c50: ;   {static_stub}
  0x0000021cd4505c50: ffff ff48 | bb00 0000 | 0000 0000 

  0x0000021cd4505c5c: ;   {runtime_call nmethod}
  0x0000021cd4505c5c: 00e9 fbff 

  0x0000021cd4505c60: ;   {static_stub}
  0x0000021cd4505c60: ffff 48bb | 0000 0000 | 0000 0000 

  0x0000021cd4505c6c: ;   {runtime_call nmethod}
  0x0000021cd4505c6c: e9fb ffff 

  0x0000021cd4505c70: ;   {runtime_call handle_exception_from_callee Runtime1 stub}
  0x0000021cd4505c70: ffe8 8a93 

  0x0000021cd4505c74: ;   {external_word}
  0x0000021cd4505c74: 5407 48b9 | 2053 b128 | ff7f 0000 | 4883 e4f0 

  0x0000021cd4505c84: ;   {runtime_call}
  0x0000021cd4505c84: 48b8 90b7 | 7328 ff7f | 0000 ffd0 

  0x0000021cd4505c90: ;   {section_word}
  0x0000021cd4505c90: f449 ba91 | 5c50 d41c | 0200 0041 

  0x0000021cd4505c9c: ;   {runtime_call DeoptimizationBlob}
  0x0000021cd4505c9c: 52e9 fee0 | 4907 f4f4 | f4f4 f4f4 
[/MachCode]


Compiled method (c1) 4791  624       3       java.lang.invoke.MethodHandle::<init> (37 bytes)
 total in heap  [0x0000021cd4504990,0x0000021cd45052b0] = 2336
 relocation     [0x0000021cd4504af0,0x0000021cd4504b90] = 160
 main code      [0x0000021cd4504ba0,0x0000021cd4505030] = 1168
 stub code      [0x0000021cd4505030,0x0000021cd4505098] = 104
 metadata       [0x0000021cd4505098,0x0000021cd45050d0] = 56
 scopes data    [0x0000021cd45050d0,0x0000021cd4505180] = 176
 scopes pcs     [0x0000021cd4505180,0x0000021cd4505280] = 256
 dependencies   [0x0000021cd4505280,0x0000021cd4505298] = 24
 nul chk table  [0x0000021cd4505298,0x0000021cd45052b0] = 24

[Constant Pool (empty)]

[MachCode]
[Entry Point]
  # {method} {0x0000021c80409c20} '<init>' '(Ljava/lang/invoke/MethodType;Ljava/lang/invoke/LambdaForm;)V' in 'java/lang/invoke/MethodHandle'
  # this:     rdx:rdx   = 'java/lang/invoke/MethodHandle'
  # parm0:    r8:r8     = 'java/lang/invoke/MethodType'
  # parm1:    r9:r9     = 'java/lang/invoke/LambdaForm'
  #           [sp+0x70]  (sp of caller)
  0x0000021cd4504ba0: 448b 5208 | 49bb 0000 | 0080 1c02 | 0000 4d03 | d34c 3bd0 

  0x0000021cd4504bb4: ;   {runtime_call ic_miss_stub}
  0x0000021cd4504bb4: 0f85 c698 | 4907 660f | 1f44 0000 
[Verified Entry Point]
  0x0000021cd4504bc0: 8984 2400 | 80ff ff55 | 4883 ec60 | 4181 7f20 | 0100 0000 

  0x0000021cd4504bd4: ;   {runtime_call StubRoutines (final stubs)}
  0x0000021cd4504bd4: 7405 e805 | 3e48 0748 | 8954 2430 

  0x0000021cd4504be0: ;   {metadata(method data for {method} {0x0000021c80409c20} '<init>' '(Ljava/lang/invoke/MethodType;Ljava/lang/invoke/LambdaForm;)V' in 'java/lang/invoke/MethodHandle')}
  0x0000021cd4504be0: 48be 98f5 | 15ea 1c02 | 0000 8bbe | cc00 0000 | 83c7 0289 | becc 0000 | 0081 e7fe | 0700 0085 
  0x0000021cd4504c00: ff0f 840f | 0300 0048 

  0x0000021cd4504c08: ;   {metadata(method data for {method} {0x0000021c80409c20} '<init>' '(Ljava/lang/invoke/MethodType;Ljava/lang/invoke/LambdaForm;)V' in 'java/lang/invoke/MethodHandle')}
  0x0000021cd4504c08: 8bf2 48bf | 98f5 15ea | 1c02 0000 | 4883 8710 | 0100 0001 

  0x0000021cd4504c1c: ;   {metadata(method data for {method} {0x0000021c80476568} '<init>' '()V' in 'java/lang/Object')}
  0x0000021cd4504c1c: 48be 6067 | 00ea 1c02 | 0000 8bbe | cc00 0000 | 83c7 0289 | becc 0000 | 0081 e7fe | ff1f 0085 
  0x0000021cd4504c3c: ff0f 84f4 

  0x0000021cd4504c40: ;   {metadata(method data for {method} {0x0000021c80409c20} '<init>' '(Ljava/lang/invoke/MethodType;Ljava/lang/invoke/LambdaForm;)V' in 'java/lang/invoke/MethodHandle')}
  0x0000021cd4504c40: 0200 0048 | be98 f515 | ea1c 0200 | 0048 8386 | 2001 0000 

  0x0000021cd4504c54: ;   {metadata(method data for {method} {0x0000021c80056f70} 'requireNonNull' '(Ljava/lang/Object;)Ljava/lang/Object;' in 'java/util/Objects')}
  0x0000021cd4504c54: 0148 bea0 | e700 ea1c | 0200 008b | becc 0000 | 0083 c702 | 89be cc00 | 0000 81e7 | feff 1f00 
  0x0000021cd4504c74: 85ff 0f84 | dc02 0000 

  0x0000021cd4504c7c: ;   {metadata(method data for {method} {0x0000021c80056f70} 'requireNonNull' '(Ljava/lang/Object;)Ljava/lang/Object;' in 'java/util/Objects')}
  0x0000021cd4504c7c: 4d85 c048 | bea0 e700 | ea1c 0200 | 0048 c7c7 | 2001 0000 | 7407 48c7 | c710 0100 | 0048 8b1c 
  0x0000021cd4504c9c: 3e48 8d5b | 0148 891c | 3e0f 84cb | 0100 004d | 8bd0 4489 | 5210 488d | 3248 c1ee | 0948 bf00 
  0x0000021cd4504cbc: 007c d01c | 0200 00c6 

  0x0000021cd4504cc4: ;   {metadata(method data for {method} {0x0000021c80409c20} '<init>' '(Ljava/lang/invoke/MethodType;Ljava/lang/invoke/LambdaForm;)V' in 'java/lang/invoke/MethodHandle')}
  0x0000021cd4504cc4: 043e 0048 | be98 f515 | ea1c 0200 | 0048 8386 | 6801 0000 

  0x0000021cd4504cd8: ;   {metadata(method data for {method} {0x0000021c80056f70} 'requireNonNull' '(Ljava/lang/Object;)Ljava/lang/Object;' in 'java/util/Objects')}
  0x0000021cd4504cd8: 0148 bea0 | e700 ea1c | 0200 008b | becc 0000 | 0083 c702 | 89be cc00 | 0000 81e7 | feff 1f00 
  0x0000021cd4504cf8: 85ff 0f84 | 7902 0000 

  0x0000021cd4504d00: ;   {metadata(method data for {method} {0x0000021c80056f70} 'requireNonNull' '(Ljava/lang/Object;)Ljava/lang/Object;' in 'java/util/Objects')}
  0x0000021cd4504d00: 4d85 c948 | bea0 e700 | ea1c 0200 | 0048 c7c7 | 2001 0000 | 7407 48c7 | c710 0100 | 0048 8b1c 
  0x0000021cd4504d20: 3e48 8d5b | 0148 891c | 3e0f 84b0 | 0000 0049 | 3b01 498b 

  0x0000021cd4504d34: ;   {metadata(method data for {method} {0x0000021c80409c20} '<init>' '(Ljava/lang/invoke/MethodType;Ljava/lang/invoke/LambdaForm;)V' in 'java/lang/invoke/MethodHandle')}
  0x0000021cd4504d34: f148 bf98 | f515 ea1c 

  0x0000021cd4504d3c: ;   {metadata('java/lang/invoke/LambdaForm')}
  0x0000021cd4504d3c: 0200 0049 | baf8 fb08 | 801c 0200 | 004c 8997 | c001 0000 | 4883 87c8 | 0100 0001 | 498b d10f 
  0x0000021cd4504d5c: ;   {optimized virtual_call}
  0x0000021cd4504d5c: 1f40 00e8 

  0x0000021cd4504d60: ; ImmutableOopMap {[48]=Oop }
                      ;*invokevirtual uncustomize {reexecute=0 rethrow=0 return_oop=0}
                      ; - java.lang.invoke.MethodHandle::<init>@23
  0x0000021cd4504d60: 1c0e 0400 

  0x0000021cd4504d64: ;   {other}
  0x0000021cd4504d64: 0f1f 8400 | d403 0000 | 488b 5424 | 304c 8bd0 | 4489 5214 | 488d 1248 | c1ea 0948 | be00 007c 
  0x0000021cd4504d84: d01c 0200 | 00c6 0432 | 0048 3b00 

  0x0000021cd4504d90: ;   {metadata(method data for {method} {0x0000021c80409c20} '<init>' '(Ljava/lang/invoke/MethodType;Ljava/lang/invoke/LambdaForm;)V' in 'java/lang/invoke/MethodHandle')}
  0x0000021cd4504d90: 488b d048 | be98 f515 | ea1c 0200 

  0x0000021cd4504d9c: ;   {metadata('java/lang/invoke/LambdaForm')}
  0x0000021cd4504d9c: 0049 baf8 | fb08 801c | 0200 004c | 8996 f801 | 0000 4883 | 8600 0200 | 0001 488b | d066 0f1f 
  0x0000021cd4504dbc: ;   {optimized virtual_call}
  0x0000021cd4504dbc: 4400 00e8 

  0x0000021cd4504dc0: ; ImmutableOopMap {}
                      ;*invokevirtual prepare {reexecute=0 rethrow=0 return_oop=0}
                      ; - java.lang.invoke.MethodHandle::<init>@33
  0x0000021cd4504dc0: bc07 0000 

  0x0000021cd4504dc4: ;   {other}
  0x0000021cd4504dc4: 0f1f 8400 | 3404 0001 | 4883 c460 

  0x0000021cd4504dd0: ;   {poll_return}
  0x0000021cd4504dd0: 5d49 3ba7 | 4804 0000 | 0f87 c601 | 0000 c390 

  0x0000021cd4504de0: ;   {no_reloc}
  0x0000021cd4504de0: e9e4 0100 | 0000 0000 | 0000 498b | 87b8 0100 | 0048 8d78 | 3049 3bbf | c801 0000 | 0f87 d101 
  0x0000021cd4504e00: 0000 4989 | bfb8 0100 | 0048 c700 | 0100 0000 | 488b ca49 | ba00 0000 | 801c 0200 | 0049 2bca 
  0x0000021cd4504e20: 8948 0848 | 33c9 8948 | 0c48 33c9 | 4889 4810 | 4889 4818 | 4889 4820 | 4889 4828 

  0x0000021cd4504e3c: ;   {metadata(method data for {method} {0x0000021c80056f70} 'requireNonNull' '(Ljava/lang/Object;)Ljava/lang/Object;' in 'java/util/Objects')}
  0x0000021cd4504e3c: 488b d048 | bea0 e700 | ea1c 0200 | 0048 8386 | 3001 0000 | 0148 8bd0 | 4889 4424 | 3866 0f1f 
  0x0000021cd4504e5c: ;   {optimized virtual_call}
  0x0000021cd4504e5c: 4400 00e8 

  0x0000021cd4504e60: ; ImmutableOopMap {[48]=Oop [56]=Oop }
                      ;*invokespecial <init> {reexecute=0 rethrow=0 return_oop=0}
                      ; - java.util.Objects::requireNonNull@8
                      ; - java.lang.invoke.MethodHandle::<init>@17
  0x0000021cd4504e60: 1c99 4907 

  0x0000021cd4504e64: ;   {other}
  0x0000021cd4504e64: 0f1f 8400 | d404 0002 | 488b 4424 | 38e9 ad01 | 0000 4c89 | 4c24 480f | 1f44 0000 

  0x0000021cd4504e80: ;   {no_reloc}
  0x0000021cd4504e80: e96a 0100 | 0000 0000 | 0000 498b | 87b8 0100 | 0048 8d78 | 3049 3bbf | c801 0000 | 0f87 5701 
  0x0000021cd4504ea0: 0000 4989 | bfb8 0100 | 0048 c700 | 0100 0000 | 488b ca49 | ba00 0000 | 801c 0200 | 0049 2bca 
  0x0000021cd4504ec0: 8948 0848 | 33c9 8948 | 0c48 33c9 | 4889 4810 | 4889 4818 | 4889 4820 | 4889 4828 

  0x0000021cd4504edc: ;   {metadata(method data for {method} {0x0000021c80056f70} 'requireNonNull' '(Ljava/lang/Object;)Ljava/lang/Object;' in 'java/util/Objects')}
  0x0000021cd4504edc: 488b d048 | bea0 e700 | ea1c 0200 | 0048 8386 | 3001 0000 | 0148 8bd0 | 4889 4424 | 4066 0f1f 
  0x0000021cd4504efc: ;   {optimized virtual_call}
  0x0000021cd4504efc: 4400 00e8 

  0x0000021cd4504f00: ; ImmutableOopMap {[48]=Oop [64]=Oop [72]=Oop }
                      ;*invokespecial <init> {reexecute=0 rethrow=0 return_oop=0}
                      ; - java.util.Objects::requireNonNull@8
                      ; - java.lang.invoke.MethodHandle::<init>@6
  0x0000021cd4504f00: 7c98 4907 

  0x0000021cd4504f04: ;   {other}
  0x0000021cd4504f04: 0f1f 8400 | 7405 0003 | 488b 4424 | 40e9 0d01 

  0x0000021cd4504f14: ;   {metadata({method} {0x0000021c80409c20} '<init>' '(Ljava/lang/invoke/MethodType;Ljava/lang/invoke/LambdaForm;)V' in 'java/lang/invoke/MethodHandle')}
  0x0000021cd4504f14: 0000 49ba | 189c 4080 | 1c02 0000 | 4c89 5424 | 0848 c704 | 24ff ffff 

  0x0000021cd4504f2c: ;   {runtime_call counter_overflow Runtime1 stub}
  0x0000021cd4504f2c: ffe8 ced2 

  0x0000021cd4504f30: ; ImmutableOopMap {rdx=Oop r8=Oop r9=Oop [48]=Oop }
                      ;*synchronization entry
                      ; - java.lang.invoke.MethodHandle::<init>@-1
  0x0000021cd4504f30: 5407 e9d0 

  0x0000021cd4504f34: ;   {metadata({method} {0x0000021c80476568} '<init>' '()V' in 'java/lang/Object')}
  0x0000021cd4504f34: fcff ff49 | ba60 6547 | 801c 0200 | 004c 8954 | 2408 48c7 | 0424 ffff 

  0x0000021cd4504f4c: ;   {runtime_call counter_overflow Runtime1 stub}
  0x0000021cd4504f4c: ffff e8ad 

  0x0000021cd4504f50: ; ImmutableOopMap {rdx=Oop r8=Oop r9=Oop [48]=Oop }
                      ;*synchronization entry
                      ; - java.lang.Object::<init>@-1
                      ; - java.lang.invoke.MethodHandle::<init>@1
  0x0000021cd4504f50: d254 07e9 | ebfc ffff 

  0x0000021cd4504f58: ;   {metadata({method} {0x0000021c80056f70} 'requireNonNull' '(Ljava/lang/Object;)Ljava/lang/Object;' in 'java/util/Objects')}
  0x0000021cd4504f58: 49ba 686f | 0580 1c02 | 0000 4c89 | 5424 0848 | c704 24ff 

  0x0000021cd4504f6c: ;   {runtime_call counter_overflow Runtime1 stub}
  0x0000021cd4504f6c: ffff ffe8 

  0x0000021cd4504f70: ; ImmutableOopMap {rdx=Oop r8=Oop r9=Oop [48]=Oop }
                      ;*synchronization entry
                      ; - java.util.Objects::requireNonNull@-1
                      ; - java.lang.invoke.MethodHandle::<init>@6
  0x0000021cd4504f70: 8cd2 5407 | e903 fdff 

  0x0000021cd4504f78: ;   {metadata({method} {0x0000021c80056f70} 'requireNonNull' '(Ljava/lang/Object;)Ljava/lang/Object;' in 'java/util/Objects')}
  0x0000021cd4504f78: ff49 ba68 | 6f05 801c | 0200 004c | 8954 2408 | 48c7 0424 | ffff ffff 

  0x0000021cd4504f90: ;   {runtime_call counter_overflow Runtime1 stub}
  0x0000021cd4504f90: e86b d254 

  0x0000021cd4504f94: ; ImmutableOopMap {rdx=Oop r9=Oop [48]=Oop }
                      ;*synchronization entry
                      ; - java.util.Objects::requireNonNull@-1
                      ; - java.lang.invoke.MethodHandle::<init>@17
  0x0000021cd4504f94: 07e9 66fd 

  0x0000021cd4504f98: ;   {runtime_call throw_null_pointer_exception Runtime1 stub}
  0x0000021cd4504f98: ffff e861 

  0x0000021cd4504f9c: ; ImmutableOopMap {r9=Oop [48]=Oop }
                      ;*invokevirtual uncustomize {reexecute=0 rethrow=0 return_oop=0}
                      ; - java.lang.invoke.MethodHandle::<init>@23
                      ;   {runtime_call throw_null_pointer_exception Runtime1 stub}
  0x0000021cd4504f9c: 8254 07e8 

  0x0000021cd4504fa0: ; ImmutableOopMap {rax=Oop }
                      ;*invokevirtual prepare {reexecute=0 rethrow=0 return_oop=0}
                      ; - java.lang.invoke.MethodHandle::<init>@33
  0x0000021cd4504fa0: 5c82 5407 

  0x0000021cd4504fa4: ;   {internal_word}
  0x0000021cd4504fa4: 49ba d14d | 50d4 1c02 | 0000 4d89 | 9760 0400 

  0x0000021cd4504fb4: ;   {runtime_call SafepointBlob}
  0x0000021cd4504fb4: 00e9 46fb 

  0x0000021cd4504fb8: ;   {metadata(nullptr)}
  0x0000021cd4504fb8: 4907 48ba | 0000 0000 | 0000 0000 | b800 0f05 

  0x0000021cd4504fc8: ;   {runtime_call load_klass_patching Runtime1 stub}
  0x0000021cd4504fc8: 0ae8 b2c2 

  0x0000021cd4504fcc: ; ImmutableOopMap {[48]=Oop }
                      ;*new {reexecute=1 rethrow=0 return_oop=0}
                      ; - (reexecute) java.util.Objects::requireNonNull@4
                      ; - java.lang.invoke.MethodHandle::<init>@17
  0x0000021cd4504fcc: 5407 e90d | feff ff48 

  0x0000021cd4504fd4: ;   {runtime_call fast_new_instance Runtime1 stub}
  0x0000021cd4504fd4: 8bd2 e825 

  0x0000021cd4504fd8: ; ImmutableOopMap {[48]=Oop }
                      ;*new {reexecute=0 rethrow=0 return_oop=0}
                      ; - java.util.Objects::requireNonNull@4
                      ; - java.lang.invoke.MethodHandle::<init>@17
  0x0000021cd4504fd8: 8b54 07e9 | 5cfe ffff 

  0x0000021cd4504fe0: ;   {metadata(nullptr)}
  0x0000021cd4504fe0: 48ba 0000 | 0000 0000 | 0000 b800 

  0x0000021cd4504fec: ;   {runtime_call load_klass_patching Runtime1 stub}
  0x0000021cd4504fec: 0f05 0ae8 

  0x0000021cd4504ff0: ; ImmutableOopMap {[48]=Oop [72]=Oop }
                      ;*new {reexecute=1 rethrow=0 return_oop=0}
                      ; - (reexecute) java.util.Objects::requireNonNull@4
                      ; - java.lang.invoke.MethodHandle::<init>@6
  0x0000021cd4504ff0: 8cc2 5407 | e987 feff | ff48 8bd2 

  0x0000021cd4504ffc: ;   {runtime_call fast_new_instance Runtime1 stub}
  0x0000021cd4504ffc: e8ff 8a54 

  0x0000021cd4505000: ; ImmutableOopMap {[48]=Oop [72]=Oop }
                      ;*new {reexecute=0 rethrow=0 return_oop=0}
                      ; - java.util.Objects::requireNonNull@4
                      ; - java.lang.invoke.MethodHandle::<init>@6
  0x0000021cd4505000: 07e9 d6fe | ffff 498b | 87f8 0400 | 0049 c787 | f804 0000 | 0000 0000 | 49c7 8700 | 0500 0000 
  0x0000021cd4505020: 0000 0048 | 83c4 605d 

  0x0000021cd4505028: ;   {runtime_call unwind_exception Runtime1 stub}
  0x0000021cd4505028: e9d3 7254 | 07f4 f4f4 
[Stub Code]
  0x0000021cd4505030: ;   {no_reloc}
  0x0000021cd4505030: 0f1f 4400 

  0x0000021cd4505034: ;   {static_stub}
  0x0000021cd4505034: 0048 bb50 | 0209 801c 

  0x0000021cd450503c: ;   {runtime_call I2C/C2I adapters}
  0x0000021cd450503c: 0200 00e9 | 9f8b 4907 

  0x0000021cd4505044: ;   {static_stub}
  0x0000021cd4505044: 9048 bb00 | 0000 0000 

  0x0000021cd450504c: ;   {runtime_call nmethod}
  0x0000021cd450504c: 0000 00e9 | fbff ffff 

  0x0000021cd4505054: ;   {static_stub}
  0x0000021cd4505054: 48bb 0000 | 0000 0000 

  0x0000021cd450505c: ;   {runtime_call nmethod}
  0x0000021cd450505c: 0000 e9fb 

  0x0000021cd4505060: ;   {runtime_call handle_exception_from_callee Runtime1 stub}
  0x0000021cd4505060: ffff ffe8 | 989f 5407 

  0x0000021cd4505068: ;   {external_word}
  0x0000021cd4505068: 48b9 2053 | b128 ff7f | 0000 4883 

  0x0000021cd4505074: ;   {runtime_call}
  0x0000021cd4505074: e4f0 48b8 | 90b7 7328 | ff7f 0000 

  0x0000021cd4505080: ;   {section_word}
  0x0000021cd4505080: ffd0 f449 | ba83 5050 | d41c 0200 

  0x0000021cd450508c: ;   {runtime_call DeoptimizationBlob}
  0x0000021cd450508c: 0041 52e9 | 0ced 4907 | f4f4 f4f4 
[/MachCode]


---------------  P R O C E S S  ---------------

Threads class SMR info:
_java_thread_list=0x0000021ceec476d0, length=17, elements={
0x0000021cd122a250, 0x0000021cd12c8fd0, 0x0000021cd12ca6a0, 0x0000021cd12cd1d0,
0x0000021cd12ce0e0, 0x0000021cd12cfea0, 0x0000021cd12d2c50, 0x0000021cd12d3a80,
0x0000021cd12d4810, 0x0000021ce9251300, 0x0000021ce9357450, 0x0000021cee6631f0,
0x0000021cee7b5e80, 0x0000021cee36ae00, 0x0000021cee38c600, 0x0000021cee3ef810,
0x0000021ceec17fd0
}

Java Threads: ( => current thread )
  0x0000021cd122a250 JavaThread "main"                              [_thread_blocked, id=780, stack(0x00000053f9900000,0x00000053f9a00000) (1024K)]
  0x0000021cd12c8fd0 JavaThread "Reference Handler"          daemon [_thread_blocked, id=31888, stack(0x00000053f9d00000,0x00000053f9e00000) (1024K)]
  0x0000021cd12ca6a0 JavaThread "Finalizer"                  daemon [_thread_blocked, id=22784, stack(0x00000053f9e00000,0x00000053f9f00000) (1024K)]
  0x0000021cd12cd1d0 JavaThread "Signal Dispatcher"          daemon [_thread_blocked, id=31036, stack(0x00000053f9f00000,0x00000053fa000000) (1024K)]
  0x0000021cd12ce0e0 JavaThread "Attach Listener"            daemon [_thread_blocked, id=20492, stack(0x00000053fa000000,0x00000053fa100000) (1024K)]
  0x0000021cd12cfea0 JavaThread "Service Thread"             daemon [_thread_blocked, id=27968, stack(0x00000053fa100000,0x00000053fa200000) (1024K)]
  0x0000021cd12d2c50 JavaThread "Monitor Deflation Thread"   daemon [_thread_blocked, id=34308, stack(0x00000053fa200000,0x00000053fa300000) (1024K)]
  0x0000021cd12d3a80 JavaThread "C2 CompilerThread0"         daemon [_thread_blocked, id=26416, stack(0x00000053fa300000,0x00000053fa400000) (1024K)]
  0x0000021cd12d4810 JavaThread "C1 CompilerThread0"         daemon [_thread_blocked, id=4056, stack(0x00000053fa400000,0x00000053fa500000) (1024K)]
  0x0000021ce9251300 JavaThread "Common-Cleaner"             daemon [_thread_blocked, id=18404, stack(0x00000053fa500000,0x00000053fa600000) (1024K)]
  0x0000021ce9357450 JavaThread "Notification Thread"        daemon [_thread_blocked, id=17940, stack(0x00000053fa600000,0x00000053fa700000) (1024K)]
  0x0000021cee6631f0 JavaThread "Active Thread: Equinox Container: b3e842f8-0e62-430c-92ad-ed415c72db2c"        [_thread_blocked, id=23224, stack(0x00000053fad00000,0x00000053fae00000) (1024K)]
  0x0000021cee7b5e80 JavaThread "Refresh Thread: Equinox Container: b3e842f8-0e62-430c-92ad-ed415c72db2c" daemon [_thread_blocked, id=31084, stack(0x00000053fae00000,0x00000053faf00000) (1024K)]
  0x0000021cee36ae00 JavaThread "Framework Event Dispatcher: Equinox Container: b3e842f8-0e62-430c-92ad-ed415c72db2c" daemon [_thread_blocked, id=19404, stack(0x00000053fb000000,0x00000053fb100000) (1024K)]
=>0x0000021cee38c600 JavaThread "Start Level: Equinox Container: b3e842f8-0e62-430c-92ad-ed415c72db2c" daemon [_thread_in_vm, id=33472, stack(0x00000053fb100000,0x00000053fb200000) (1024K)]
  0x0000021cee3ef810 JavaThread "Bundle File Closer"         daemon [_thread_blocked, id=32120, stack(0x00000053fb400000,0x00000053fb500000) (1024K)]
  0x0000021ceec17fd0 JavaThread "SCR Component Actor"        daemon [_thread_blocked, id=15540, stack(0x00000053fb500000,0x00000053fb600000) (1024K)]
Total: 17

Other Threads:
  0x0000021ce7cb6150 VMThread "VM Thread"                           [id=27032, stack(0x00000053f9c00000,0x00000053f9d00000) (1024K)]
  0x0000021ce7baca00 WatcherThread "VM Periodic Task Thread"        [id=19140, stack(0x00000053f9b00000,0x00000053f9c00000) (1024K)]
  0x0000021cd1248c20 WorkerThread "GC Thread#0"                     [id=31916, stack(0x00000053f9a00000,0x00000053f9b00000) (1024K)]
  0x0000021ce93b9240 WorkerThread "GC Thread#1"                     [id=34172, stack(0x00000053fa700000,0x00000053fa800000) (1024K)]
  0x0000021cee016fb0 WorkerThread "GC Thread#2"                     [id=21596, stack(0x00000053fa800000,0x00000053fa900000) (1024K)]
  0x0000021cee017350 WorkerThread "GC Thread#3"                     [id=16524, stack(0x00000053fa900000,0x00000053faa00000) (1024K)]
  0x0000021cee0176f0 WorkerThread "GC Thread#4"                     [id=16980, stack(0x00000053faa00000,0x00000053fab00000) (1024K)]
  0x0000021ce93bdc50 WorkerThread "GC Thread#5"                     [id=22216, stack(0x00000053fab00000,0x00000053fac00000) (1024K)]
  0x0000021ce93bdff0 WorkerThread "GC Thread#6"                     [id=8476, stack(0x00000053fac00000,0x00000053fad00000) (1024K)]
  0x0000021cee5cd1e0 WorkerThread "GC Thread#7"                     [id=34032, stack(0x00000053faf00000,0x00000053fb000000) (1024K)]
  0x0000021ceea12310 WorkerThread "GC Thread#8"                     [id=16396, stack(0x00000053fb200000,0x00000053fb300000) (1024K)]
  0x0000021ceece9820 WorkerThread "GC Thread#9"                     [id=33448, stack(0x00000053fb300000,0x00000053fb400000) (1024K)]
Total: 12

Threads with active compile tasks:
Total: 0

VM state: not at safepoint (normal execution)

VM Mutex/Monitor currently owned by a thread:  ([mutex/lock_event])
[0x00007fff28dcb4f0] Metaspace_lock - owner thread: 0x0000021cee38c600

Heap address: 0x0000000080000000, size: 2048 MB, Compressed Oops mode: 32-bit

CDS archive(s) mapped at: [0x0000021c80000000-0x0000021c80ba0000-0x0000021c80ba0000), size 12189696, SharedBaseAddress: 0x0000021c80000000, ArchiveRelocationMode: 1.
Compressed class space mapped at: 0x0000021c81000000-0x0000021cc1000000, reserved size: 1073741824
Narrow klass base: 0x0000021c80000000, Narrow klass shift: 0, Narrow klass range: 0x100000000

GC Precious Log:
 CardTable entry size: 512
 CPUs: 12 total, 12 available
 Memory: 7488M
 Large Page Support: Disabled
 NUMA Support: Disabled
 Compressed Oops: Enabled (32-bit)
 Alignments: Space 512K, Generation 512K, Heap 2M
 Heap Min Capacity: 100M
 Heap Initial Capacity: 100M
 Heap Max Capacity: 2G
 Pre-touch: Disabled
 Parallel Workers: 10

Heap:
 PSYoungGen      total 29696K, used 6205K [0x00000000d5580000, 0x00000000d7680000, 0x0000000100000000)
  eden space 25600K, 8% used [0x00000000d5580000,0x00000000d5793e90,0x00000000d6e80000)
  from space 4096K, 99% used [0x00000000d7280000,0x00000000d767b618,0x00000000d7680000)
  to   space 4096K, 0% used [0x00000000d6e80000,0x00000000d6e80000,0x00000000d7280000)
 ParOldGen       total 68608K, used 6178K [0x0000000080000000, 0x0000000084300000, 0x00000000d5580000)
  object space 68608K, 9% used [0x0000000080000000,0x0000000080608b60,0x0000000084300000)
 Metaspace       used 12431K, committed 12864K, reserved 1114112K
  class space    used 1330K, committed 1472K, reserved 1048576K

Card table byte_map: [0x0000021cd0bc0000,0x0000021cd0fd0000] _byte_map_base: 0x0000021cd07c0000

Marking Bits: (ParMarkBitMap*) 0x00007fff28dd2460
 Begin Bits: [0x0000021ce36d0000, 0x0000021ce56d0000)
 End Bits:   [0x0000021ce56d0000, 0x0000021ce76d0000)

Polling page: 0x0000021ccf1f0000

Metaspace:

Usage:
  Non-class:     10.84 MB used.
      Class:      1.30 MB used.
       Both:     12.14 MB used.

Virtual space:
  Non-class space:       64.00 MB reserved,      11.12 MB ( 17%) committed,  1 nodes.
      Class space:        1.00 GB reserved,       1.44 MB ( <1%) committed,  1 nodes.
             Both:        1.06 GB reserved,      12.56 MB (  1%) committed. 

Chunk freelists:
   Non-Class:  4.93 MB
       Class:  14.56 MB
        Both:  19.49 MB

MaxMetaspaceSize: unlimited
CompressedClassSpaceSize: 1.00 GB
Initial GC threshold: 21.00 MB
Current GC threshold: 21.00 MB
CDS: on
 - commit_granule_bytes: 65536.
 - commit_granule_words: 8192.
 - virtual_space_node_default_size: 8388608.
 - enlarge_chunks_in_place: 1.
 - use_allocation_guard: 0.


Internal statistics:

num_allocs_failed_limit: 0.
num_arena_births: 294.
num_arena_deaths: 0.
num_vsnodes_births: 2.
num_vsnodes_deaths: 0.
num_space_committed: 201.
num_space_uncommitted: 0.
num_chunks_returned_to_freelist: 0.
num_chunks_taken_from_freelist: 664.
num_chunk_merges: 0.
num_chunk_splits: 423.
num_chunks_enlarged: 288.
num_inconsistent_stats: 0.

CodeHeap 'non-profiled nmethods': size=120000Kb used=1042Kb max_used=1042Kb free=118958Kb
 bounds [0x0000021cdbef0000, 0x0000021cdc160000, 0x0000021ce3420000]
CodeHeap 'profiled nmethods': size=120000Kb used=4777Kb max_used=4777Kb free=115222Kb
 bounds [0x0000021cd4420000, 0x0000021cd48d0000, 0x0000021cdb950000]
CodeHeap 'non-nmethods': size=5760Kb used=1241Kb max_used=1258Kb free=4518Kb
 bounds [0x0000021cdb950000, 0x0000021cdbbc0000, 0x0000021cdbef0000]
CodeCache: size=245760Kb, used=7060Kb, max_used=7077Kb, free=238698Kb
 total_blobs=3001, nmethods=2493, adapters=414, full_count=0
Compilation: enabled, stopped_count=0, restarted_count=0

Compilation events (20 events):
Event: 4.273 Thread 0x0000021cd12d4810 nmethod 2479 0x0000021cd48c3610 code [0x0000021cd48c37e0, 0x0000021cd48c3b28]
Event: 4.273 Thread 0x0000021cd12d4810 2480       3       java.lang.invoke.InvokerBytecodeGenerator::emitStoreInsn (21 bytes)
Event: 4.274 Thread 0x0000021cd12d4810 nmethod 2480 0x0000021cd48c3d10 code [0x0000021cd48c3ee0, 0x0000021cd48c4138]
Event: 4.274 Thread 0x0000021cd12d3a80 nmethod 2440 0x0000021cdbfecb10 code [0x0000021cdbfecca0, 0x0000021cdbfecdf8]
Event: 4.275 Thread 0x0000021cd12d3a80 2441       4       jdk.internal.misc.InternalLock::lock (8 bytes)
Event: 4.277 Thread 0x0000021cd12d3a80 nmethod 2441 0x0000021cdbfecf90 code [0x0000021cdbfed120, 0x0000021cdbfed298]
Event: 4.277 Thread 0x0000021cd12d3a80 2442       4       jdk.internal.misc.InternalLock::unlock (8 bytes)
Event: 4.279 Thread 0x0000021cd12d3a80 nmethod 2442 0x0000021cdbfed410 code [0x0000021cdbfed5c0, 0x0000021cdbfed750]
Event: 4.279 Thread 0x0000021cd12d3a80 2443   !   4       java.io.BufferedInputStream::read (69 bytes)
Event: 4.302 Thread 0x0000021cd12d4810 2483       3       java.util.TreeMap::setColor (10 bytes)
Event: 4.302 Thread 0x0000021cd12d4810 nmethod 2483 0x0000021cd48c4290 code [0x0000021cd48c4420, 0x0000021cd48c4548]
Event: 4.302 Thread 0x0000021cd12d4810 2484       3       java.util.TreeMap::leftOf (13 bytes)
Event: 4.303 Thread 0x0000021cd12d4810 nmethod 2484 0x0000021cd48c4610 code [0x0000021cd48c47c0, 0x0000021cd48c4928]
Event: 4.304 Thread 0x0000021cd12d3a80 nmethod 2443 0x0000021cdbfedf10 code [0x0000021cdbfee1a0, 0x0000021cdbfeeff8]
Event: 4.304 Thread 0x0000021cd12d3a80 2451   !   4       java.io.BufferedInputStream::read (54 bytes)
Event: 4.308 Thread 0x0000021cd12d4810 2487       3       org.eclipse.core.internal.registry.BufferedRandomInputStream::read (92 bytes)
Event: 4.309 Thread 0x0000021cd12d4810 nmethod 2487 0x0000021cd48c4a10 code [0x0000021cd48c4c00, 0x0000021cd48c5080]
Event: 4.310 Thread 0x0000021cd12d4810 2488       3       jdk.internal.org.objectweb.asm.Type::getArgumentTypes (154 bytes)
Event: 4.314 Thread 0x0000021cd12d4810 nmethod 2488 0x0000021cd48c5190 code [0x0000021cd48c55e0, 0x0000021cd48c79f0]
Event: 4.314 Thread 0x0000021cd12d4810 2490       3       jdk.internal.org.objectweb.asm.AnnotationVisitor::<init> (78 bytes)

GC Heap History (8 events):
Event: 1.451 GC heap before
{Heap before GC invocations=1 (full 0):
 PSYoungGen      total 29696K, used 25600K [0x00000000d5580000, 0x00000000d7680000, 0x0000000100000000)
  eden space 25600K, 100% used [0x00000000d5580000,0x00000000d6e80000,0x00000000d6e80000)
  from space 4096K, 0% used [0x00000000d7280000,0x00000000d7280000,0x00000000d7680000)
  to   space 4096K, 0% used [0x00000000d6e80000,0x00000000d6e80000,0x00000000d7280000)
 ParOldGen       total 68608K, used 0K [0x0000000080000000, 0x0000000084300000, 0x00000000d5580000)
  object space 68608K, 0% used [0x0000000080000000,0x0000000080000000,0x0000000084300000)
 Metaspace       used 4355K, committed 4608K, reserved 1114112K
  class space    used 473K, committed 576K, reserved 1048576K
}
Event: 1.465 GC heap after
{Heap after GC invocations=1 (full 0):
 PSYoungGen      total 29696K, used 3303K [0x00000000d5580000, 0x00000000d7680000, 0x0000000100000000)
  eden space 25600K, 0% used [0x00000000d5580000,0x00000000d5580000,0x00000000d6e80000)
  from space 4096K, 80% used [0x00000000d6e80000,0x00000000d71b9e98,0x00000000d7280000)
  to   space 4096K, 0% used [0x00000000d7280000,0x00000000d7280000,0x00000000d7680000)
 ParOldGen       total 68608K, used 16K [0x0000000080000000, 0x0000000084300000, 0x00000000d5580000)
  object space 68608K, 0% used [0x0000000080000000,0x0000000080004000,0x0000000084300000)
 Metaspace       used 4355K, committed 4608K, reserved 1114112K
  class space    used 473K, committed 576K, reserved 1048576K
}
Event: 2.739 GC heap before
{Heap before GC invocations=2 (full 0):
 PSYoungGen      total 29696K, used 28903K [0x00000000d5580000, 0x00000000d7680000, 0x0000000100000000)
  eden space 25600K, 100% used [0x00000000d5580000,0x00000000d6e80000,0x00000000d6e80000)
  from space 4096K, 80% used [0x00000000d6e80000,0x00000000d71b9e98,0x00000000d7280000)
  to   space 4096K, 0% used [0x00000000d7280000,0x00000000d7280000,0x00000000d7680000)
 ParOldGen       total 68608K, used 16K [0x0000000080000000, 0x0000000084300000, 0x00000000d5580000)
  object space 68608K, 0% used [0x0000000080000000,0x0000000080004000,0x0000000084300000)
 Metaspace       used 7991K, committed 8320K, reserved 1114112K
  class space    used 839K, committed 960K, reserved 1048576K
}
Event: 2.748 GC heap after
{Heap after GC invocations=2 (full 0):
 PSYoungGen      total 29696K, used 4070K [0x00000000d5580000, 0x00000000d7680000, 0x0000000100000000)
  eden space 25600K, 0% used [0x00000000d5580000,0x00000000d5580000,0x00000000d6e80000)
  from space 4096K, 99% used [0x00000000d7280000,0x00000000d7679800,0x00000000d7680000)
  to   space 4096K, 0% used [0x00000000d6e80000,0x00000000d6e80000,0x00000000d7280000)
 ParOldGen       total 68608K, used 1717K [0x0000000080000000, 0x0000000084300000, 0x00000000d5580000)
  object space 68608K, 2% used [0x0000000080000000,0x00000000801ad6b8,0x0000000084300000)
 Metaspace       used 7991K, committed 8320K, reserved 1114112K
  class space    used 839K, committed 960K, reserved 1048576K
}
Event: 3.369 GC heap before
{Heap before GC invocations=3 (full 0):
 PSYoungGen      total 29696K, used 29670K [0x00000000d5580000, 0x00000000d7680000, 0x0000000100000000)
  eden space 25600K, 100% used [0x00000000d5580000,0x00000000d6e80000,0x00000000d6e80000)
  from space 4096K, 99% used [0x00000000d7280000,0x00000000d7679800,0x00000000d7680000)
  to   space 4096K, 0% used [0x00000000d6e80000,0x00000000d6e80000,0x00000000d7280000)
 ParOldGen       total 68608K, used 1717K [0x0000000080000000, 0x0000000084300000, 0x00000000d5580000)
  object space 68608K, 2% used [0x0000000080000000,0x00000000801ad6b8,0x0000000084300000)
 Metaspace       used 9410K, committed 9728K, reserved 1114112K
  class space    used 1008K, committed 1152K, reserved 1048576K
}
Event: 3.378 GC heap after
{Heap after GC invocations=3 (full 0):
 PSYoungGen      total 29696K, used 4076K [0x00000000d5580000, 0x00000000d7680000, 0x0000000100000000)
  eden space 25600K, 0% used [0x00000000d5580000,0x00000000d5580000,0x00000000d6e80000)
  from space 4096K, 99% used [0x00000000d6e80000,0x00000000d727b328,0x00000000d7280000)
  to   space 4096K, 0% used [0x00000000d7280000,0x00000000d7280000,0x00000000d7680000)
 ParOldGen       total 68608K, used 4744K [0x0000000080000000, 0x0000000084300000, 0x00000000d5580000)
  object space 68608K, 6% used [0x0000000080000000,0x00000000804a2328,0x0000000084300000)
 Metaspace       used 9410K, committed 9728K, reserved 1114112K
  class space    used 1008K, committed 1152K, reserved 1048576K
}
Event: 4.208 GC heap before
{Heap before GC invocations=4 (full 0):
 PSYoungGen      total 29696K, used 29676K [0x00000000d5580000, 0x00000000d7680000, 0x0000000100000000)
  eden space 25600K, 100% used [0x00000000d5580000,0x00000000d6e80000,0x00000000d6e80000)
  from space 4096K, 99% used [0x00000000d6e80000,0x00000000d727b328,0x00000000d7280000)
  to   space 4096K, 0% used [0x00000000d7280000,0x00000000d7280000,0x00000000d7680000)
 ParOldGen       total 68608K, used 4744K [0x0000000080000000, 0x0000000084300000, 0x00000000d5580000)
  object space 68608K, 6% used [0x0000000080000000,0x00000000804a2328,0x0000000084300000)
 Metaspace       used 12147K, committed 12608K, reserved 1114112K
  class space    used 1296K, committed 1472K, reserved 1048576K
}
Event: 4.217 GC heap after
{Heap after GC invocations=4 (full 0):
 PSYoungGen      total 29696K, used 4077K [0x00000000d5580000, 0x00000000d7680000, 0x0000000100000000)
  eden space 25600K, 0% used [0x00000000d5580000,0x00000000d5580000,0x00000000d6e80000)
  from space 4096K, 99% used [0x00000000d7280000,0x00000000d767b618,0x00000000d7680000)
  to   space 4096K, 0% used [0x00000000d6e80000,0x00000000d6e80000,0x00000000d7280000)
 ParOldGen       total 68608K, used 6178K [0x0000000080000000, 0x0000000084300000, 0x00000000d5580000)
  object space 68608K, 9% used [0x0000000080000000,0x0000000080608b60,0x0000000084300000)
 Metaspace       used 12147K, committed 12608K, reserved 1114112K
  class space    used 1296K, committed 1472K, reserved 1048576K
}

Dll operation events (9 events):
Event: 0.027 Loaded shared library c:\Users\Eyobw\.cursor\extensions\redhat.java-1.50.0-win32-x64\jre\21.0.9-win32-x86_64\bin\java.dll
Event: 0.225 Loaded shared library c:\Users\Eyobw\.cursor\extensions\redhat.java-1.50.0-win32-x64\jre\21.0.9-win32-x86_64\bin\zip.dll
Event: 0.264 Loaded shared library C:\Users\Eyobw\.cursor\extensions\redhat.java-1.50.0-win32-x64\jre\21.0.9-win32-x86_64\bin\instrument.dll
Event: 0.273 Loaded shared library C:\Users\Eyobw\.cursor\extensions\redhat.java-1.50.0-win32-x64\jre\21.0.9-win32-x86_64\bin\net.dll
Event: 0.279 Loaded shared library C:\Users\Eyobw\.cursor\extensions\redhat.java-1.50.0-win32-x64\jre\21.0.9-win32-x86_64\bin\nio.dll
Event: 0.287 Loaded shared library C:\Users\Eyobw\.cursor\extensions\redhat.java-1.50.0-win32-x64\jre\21.0.9-win32-x86_64\bin\zip.dll
Event: 0.328 Loaded shared library C:\Users\Eyobw\.cursor\extensions\redhat.java-1.50.0-win32-x64\jre\21.0.9-win32-x86_64\bin\jimage.dll
Event: 0.497 Loaded shared library c:\Users\Eyobw\.cursor\extensions\redhat.java-1.50.0-win32-x64\jre\21.0.9-win32-x86_64\bin\verify.dll
Event: 2.760 Loaded shared library C:\Users\Eyobw\AppData\Roaming\Cursor\User\globalStorage\redhat.java\1.50.0\config_win\org.eclipse.equinox.launcher\org.eclipse.equinox.launcher.win32.win32.x86_64_1.2.1400.v20250801-0854\eclipse_11916.dll

Deoptimization events (20 events):
Event: 4.157 Thread 0x0000021cee38c600 Uncommon trap: trap_request=0xffffff45 fr.pc=0x0000021cdbf78840 relative=0x0000000000000580
Event: 4.157 Thread 0x0000021cee38c600 Uncommon trap: reason=unstable_if action=reinterpret pc=0x0000021cdbf78840 method=java.io.BufferedInputStream.implRead([BII)I @ 103 c2
Event: 4.157 Thread 0x0000021cee38c600 DEOPT PACKING pc=0x0000021cdbf78840 sp=0x00000053fb1f87f0
Event: 4.157 Thread 0x0000021cee38c600 DEOPT UNPACKING pc=0x0000021cdb9a3aa2 sp=0x00000053fb1f87c8 mode 2
Event: 4.306 Thread 0x0000021cee38c600 Uncommon trap: trap_request=0xffffffc6 fr.pc=0x0000021cdbfe84bc relative=0x000000000000125c
Event: 4.306 Thread 0x0000021cee38c600 Uncommon trap: reason=bimorphic_or_optimized_type_check action=maybe_recompile pc=0x0000021cdbfe84bc method=java.io.DataInputStream.readFully([BII)V @ 30 c2
Event: 4.306 Thread 0x0000021cee38c600 DEOPT PACKING pc=0x0000021cdbfe84bc sp=0x00000053fb1fb460
Event: 4.306 Thread 0x0000021cee38c600 DEOPT UNPACKING pc=0x0000021cdb9a3aa2 sp=0x00000053fb1fb448 mode 2
Event: 4.306 Thread 0x0000021cee38c600 Uncommon trap: trap_request=0xffffffc6 fr.pc=0x0000021cdbfe84bc relative=0x000000000000125c
Event: 4.306 Thread 0x0000021cee38c600 Uncommon trap: reason=bimorphic_or_optimized_type_check action=maybe_recompile pc=0x0000021cdbfe84bc method=java.io.DataInputStream.readFully([BII)V @ 30 c2
Event: 4.306 Thread 0x0000021cee38c600 DEOPT PACKING pc=0x0000021cdbfe84bc sp=0x00000053fb1fb450
Event: 4.306 Thread 0x0000021cee38c600 DEOPT UNPACKING pc=0x0000021cdb9a3aa2 sp=0x00000053fb1fb438 mode 2
Event: 4.306 Thread 0x0000021cee38c600 Uncommon trap: trap_request=0xffffffc6 fr.pc=0x0000021cdbfe84bc relative=0x000000000000125c
Event: 4.306 Thread 0x0000021cee38c600 Uncommon trap: reason=bimorphic_or_optimized_type_check action=maybe_recompile pc=0x0000021cdbfe84bc method=java.io.DataInputStream.readFully([BII)V @ 30 c2
Event: 4.306 Thread 0x0000021cee38c600 DEOPT PACKING pc=0x0000021cdbfe84bc sp=0x00000053fb1fb450
Event: 4.306 Thread 0x0000021cee38c600 DEOPT UNPACKING pc=0x0000021cdb9a3aa2 sp=0x00000053fb1fb438 mode 2
Event: 4.306 Thread 0x0000021cee38c600 Uncommon trap: trap_request=0xffffffc6 fr.pc=0x0000021cdbfe84bc relative=0x000000000000125c
Event: 4.306 Thread 0x0000021cee38c600 Uncommon trap: reason=bimorphic_or_optimized_type_check action=maybe_recompile pc=0x0000021cdbfe84bc method=java.io.DataInputStream.readFully([BII)V @ 30 c2
Event: 4.306 Thread 0x0000021cee38c600 DEOPT PACKING pc=0x0000021cdbfe84bc sp=0x00000053fb1fb450
Event: 4.306 Thread 0x0000021cee38c600 DEOPT UNPACKING pc=0x0000021cdb9a3aa2 sp=0x00000053fb1fb438 mode 2

Classes loaded (20 events):
Event: 4.172 Loading class java/util/stream/LongPipeline
Event: 4.172 Loading class java/util/stream/LongStream
Event: 4.172 Loading class java/util/stream/LongStream done
Event: 4.173 Loading class java/util/stream/LongPipeline done
Event: 4.173 Loading class java/util/stream/LongPipeline$StatelessOp done
Event: 4.173 Loading class java/util/stream/ReferencePipeline$5 done
Event: 4.173 Loading class java/util/function/LongBinaryOperator
Event: 4.173 Loading class java/util/function/LongBinaryOperator done
Event: 4.174 Loading class java/util/stream/ReduceOps$10
Event: 4.174 Loading class java/util/stream/ReduceOps$10 done
Event: 4.174 Loading class java/util/stream/ReduceOps$8ReducingSink
Event: 4.174 Loading class java/util/stream/Sink$OfLong
Event: 4.174 Loading class java/util/stream/Sink$OfLong done
Event: 4.175 Loading class java/util/stream/ReduceOps$8ReducingSink done
Event: 4.175 Loading class java/util/stream/ReferencePipeline$5$1
Event: 4.175 Loading class java/util/stream/ReferencePipeline$5$1 done
Event: 4.244 Loading class java/nio/file/NoSuchFileException
Event: 4.244 Loading class java/nio/file/FileSystemException
Event: 4.244 Loading class java/nio/file/FileSystemException done
Event: 4.244 Loading class java/nio/file/NoSuchFileException done

Classes unloaded (0 events):
No events

Classes redefined (0 events):
No events

Internal exceptions (20 events):
Event: 1.570 Thread 0x0000021cd122a250 Implicit null exception at 0x0000021cdbf4b33d to 0x0000021cdbf4b3c1
Event: 2.004 Thread 0x0000021cd122a250 Exception <a 'java/lang/NoSuchMethodError'{0x00000000d59b2518}: 'void java.lang.invoke.DirectMethodHandle$Holder.invokeSpecial(java.lang.Object, java.lang.Object, java.lang.Object)'> (0x00000000d59b2518) 
thrown [s\src\hotspot\share\interpreter\linkResolver.cpp, line 773]
Event: 2.344 Thread 0x0000021cd122a250 Exception <a 'java/lang/NoSuchMethodError'{0x00000000d63b9210}: 'int java.lang.invoke.DirectMethodHandle$Holder.invokeVirtual(java.lang.Object, java.lang.Object)'> (0x00000000d63b9210) 
thrown [s\src\hotspot\share\interpreter\linkResolver.cpp, line 773]
Event: 2.476 Thread 0x0000021cd122a250 Exception <a 'java/lang/NoSuchMethodError'{0x00000000d6540440}: 'int java.lang.invoke.DirectMethodHandle$Holder.invokeStaticInit(java.lang.Object, java.lang.Object, java.lang.Object, java.lang.Object)'> (0x00000000d6540440) 
thrown [s\src\hotspot\share\interpreter\linkResolver.cpp, line 773]
Event: 2.478 Thread 0x0000021cd122a250 Exception <a 'java/lang/IncompatibleClassChangeError'{0x00000000d6548848}: Found class java.lang.Object, but interface was expected> (0x00000000d6548848) 
thrown [s\src\hotspot\share\interpreter\linkResolver.cpp, line 840]
Event: 2.479 Thread 0x0000021cd122a250 Exception <a 'java/lang/NoSuchMethodError'{0x00000000d654f718}: 'void java.lang.invoke.DirectMethodHandle$Holder.invokeStaticInit(java.lang.Object, java.lang.Object)'> (0x00000000d654f718) 
thrown [s\src\hotspot\share\interpreter\linkResolver.cpp, line 773]
Event: 2.480 Thread 0x0000021cd122a250 Exception <a 'java/lang/NoSuchMethodError'{0x00000000d65591f0}: 'int java.lang.invoke.DirectMethodHandle$Holder.invokeStaticInit(java.lang.Object, java.lang.Object)'> (0x00000000d65591f0) 
thrown [s\src\hotspot\share\interpreter\linkResolver.cpp, line 773]
Event: 2.538 Thread 0x0000021cd122a250 Exception <a 'java/lang/NoSuchMethodError'{0x00000000d67cd2d0}: 'java.lang.Object java.lang.invoke.DirectMethodHandle$Holder.newInvokeSpecial(java.lang.Object, int, java.lang.Object)'> (0x00000000d67cd2d0) 
thrown [s\src\hotspot\share\interpreter\linkResolver.cpp, line 773]
Event: 2.588 Thread 0x0000021cd122a250 Exception <a 'java/lang/ClassNotFoundException'{0x00000000d6a0d2b8}: sun/net/www/protocol/plurl/Handler> (0x00000000d6a0d2b8) 
thrown [s\src\hotspot\share\classfile\systemDictionary.cpp, line 312]
Event: 2.588 Thread 0x0000021cd122a250 Exception <a 'java/lang/ClassNotFoundException'{0x00000000d6a0e138}: sun/net/www/protocol/plurl/Handler> (0x00000000d6a0e138) 
thrown [s\src\hotspot\share\classfile\systemDictionary.cpp, line 312]
Event: 2.738 Thread 0x0000021cd122a250 Exception <a 'java/lang/UnsatisfiedLinkError'{0x00000000d6e69e18}: 'void org.eclipse.equinox.launcher.JNIBridge._update_splash()'> (0x00000000d6e69e18) 
thrown [s\src\hotspot\share\prims\nativeLookup.cpp, line 415]
Event: 2.803 Thread 0x0000021cee7b5e80 Exception <a 'java/lang/NoSuchMethodError'{0x00000000d586d278}: 'void java.lang.invoke.DirectMethodHandle$Holder.invokeInterface(java.lang.Object, java.lang.Object, java.lang.Object)'> (0x00000000d586d278) 
thrown [s\src\hotspot\share\interpreter\linkResolver.cpp, line 773]
Event: 2.950 Thread 0x0000021cee38c600 Exception <a 'java/lang/NoSuchMethodError'{0x00000000d5c53ee0}: 'java.lang.Object java.lang.invoke.DirectMethodHandle$Holder.newInvokeSpecial(java.lang.Object, java.lang.Object, int, java.lang.Object)'> (0x00000000d5c53ee0) 
thrown [s\src\hotspot\share\interpreter\linkResolver.cpp, line 773]
Event: 2.951 Thread 0x0000021cee38c600 Exception <a 'java/lang/NoSuchMethodError'{0x00000000d5c57d10}: 'java.lang.Object java.lang.invoke.DirectMethodHandle$Holder.invokeSpecial(java.lang.Object, java.lang.Object, java.lang.Object, int, java.lang.Object)'> (0x00000000d5c57d10) 
thrown [s\src\hotspot\share\interpreter\linkResolver.cpp, line 773]
Event: 2.975 Thread 0x0000021cee38c600 Exception <a 'java/lang/NoClassDefFoundError'{0x00000000d5cfed98}: jakarta/servlet/ServletContainerInitializer> (0x00000000d5cfed98) 
thrown [s\src\hotspot\share\classfile\systemDictionary.cpp, line 301]
Event: 3.017 Thread 0x0000021cee38c600 Exception <a 'java/lang/ClassNotFoundException'{0x00000000d5e5ad58}: sun/util/logging/resources/spi/loggingProvider> (0x00000000d5e5ad58) 
thrown [s\src\hotspot\share\classfile\systemDictionary.cpp, line 312]
Event: 3.934 Thread 0x0000021cee38c600 Exception <a 'java/lang/NullPointerException'{0x00000000d63e06c0}> (0x00000000d63e06c0) 
thrown [s\src\hotspot\share\interpreter\linkResolver.cpp, line 1372]
Event: 3.934 Thread 0x0000021cee38c600 Exception <a 'java/lang/NullPointerException'{0x00000000d63e09a0}> (0x00000000d63e09a0) 
thrown [s\src\hotspot\share\interpreter\linkResolver.cpp, line 1372]
Event: 4.170 Thread 0x0000021cee38c600 Exception <a 'java/lang/NoSuchMethodError'{0x00000000d6d6b540}: 'long java.lang.invoke.DirectMethodHandle$Holder.invokeSpecial(java.lang.Object, java.lang.Object)'> (0x00000000d6d6b540) 
thrown [s\src\hotspot\share\interpreter\linkResolver.cpp, line 773]
Event: 4.265 Thread 0x0000021cee38c600 Exception <a 'java/io/FileNotFoundException'{0x00000000d56de408}> (0x00000000d56de408) 
thrown [s\src\hotspot\share\prims\jni.cpp, line 520]

ZGC Phase Switch (0 events):
No events

VM Operations (20 events):
Event: 2.584 Executing VM operation: HandshakeAllThreads (Deoptimize)
Event: 2.584 Executing VM operation: HandshakeAllThreads (Deoptimize) done
Event: 2.739 Executing VM operation: ParallelGCFailedAllocation (Allocation Failure)
Event: 2.748 Executing VM operation: ParallelGCFailedAllocation (Allocation Failure) done
Event: 3.002 Executing VM operation: HandshakeAllThreads (Deoptimize)
Event: 3.002 Executing VM operation: HandshakeAllThreads (Deoptimize) done
Event: 3.029 Executing VM operation: HandshakeAllThreads (Deoptimize)
Event: 3.029 Executing VM operation: HandshakeAllThreads (Deoptimize) done
Event: 3.049 Executing VM operation: HandshakeAllThreads (Deoptimize)
Event: 3.049 Executing VM operation: HandshakeAllThreads (Deoptimize) done
Event: 3.063 Executing VM operation: HandshakeAllThreads (Deoptimize)
Event: 3.063 Executing VM operation: HandshakeAllThreads (Deoptimize) done
Event: 3.248 Executing VM operation: HandshakeAllThreads (Deoptimize)
Event: 3.248 Executing VM operation: HandshakeAllThreads (Deoptimize) done
Event: 3.369 Executing VM operation: ParallelGCFailedAllocation (Allocation Failure)
Event: 3.378 Executing VM operation: ParallelGCFailedAllocation (Allocation Failure) done
Event: 4.068 Executing VM operation: HandshakeAllThreads (Deoptimize)
Event: 4.068 Executing VM operation: HandshakeAllThreads (Deoptimize) done
Event: 4.208 Executing VM operation: ParallelGCFailedAllocation (Allocation Failure)
Event: 4.217 Executing VM operation: ParallelGCFailedAllocation (Allocation Failure) done

Memory protections (0 events):
No events

Nmethod flushes (0 events):
No events

Events (17 events):
Event: 0.093 Thread 0x0000021cd122a250 Thread added: 0x0000021cd122a250
Event: 0.134 Thread 0x0000021cd122a250 Thread added: 0x0000021cd12c8fd0
Event: 0.135 Thread 0x0000021cd122a250 Thread added: 0x0000021cd12ca6a0
Event: 0.135 Thread 0x0000021cd122a250 Thread added: 0x0000021cd12cd1d0
Event: 0.135 Thread 0x0000021cd122a250 Thread added: 0x0000021cd12ce0e0
Event: 0.136 Thread 0x0000021cd122a250 Thread added: 0x0000021cd12cfea0
Event: 0.136 Thread 0x0000021cd122a250 Thread added: 0x0000021cd12d2c50
Event: 0.136 Thread 0x0000021cd122a250 Thread added: 0x0000021cd12d3a80
Event: 0.136 Thread 0x0000021cd122a250 Thread added: 0x0000021cd12d4810
Event: 0.267 Thread 0x0000021cd122a250 Thread added: 0x0000021ce9251300
Event: 0.689 Thread 0x0000021cd122a250 Thread added: 0x0000021ce9357450
Event: 2.497 Thread 0x0000021cd122a250 Thread added: 0x0000021cee6631f0
Event: 2.736 Thread 0x0000021cd122a250 Thread added: 0x0000021cee7b5e80
Event: 2.808 Thread 0x0000021cee7b5e80 Thread added: 0x0000021cee36ae00
Event: 2.813 Thread 0x0000021cd122a250 Thread added: 0x0000021cee38c600
Event: 3.460 Thread 0x0000021cee38c600 Thread added: 0x0000021cee3ef810
Event: 4.048 Thread 0x0000021cee38c600 Thread added: 0x0000021ceec17fd0


Dynamic libraries:
0x00007ff601900000 - 0x00007ff60190e000 	c:\Users\Eyobw\.cursor\extensions\redhat.java-1.50.0-win32-x64\jre\21.0.9-win32-x86_64\bin\java.exe
0x00007ffff0530000 - 0x00007ffff0748000 	C:\windows\SYSTEM32\ntdll.dll
0x00007fffef1f0000 - 0x00007fffef2b4000 	C:\windows\System32\KERNEL32.DLL
0x00007fffeddf0000 - 0x00007fffee1c3000 	C:\windows\System32\KERNELBASE.dll
0x00007fffed630000 - 0x00007fffed741000 	C:\windows\System32\ucrtbase.dll
0x00007fffd46d0000 - 0x00007fffd46e8000 	c:\Users\Eyobw\.cursor\extensions\redhat.java-1.50.0-win32-x64\jre\21.0.9-win32-x86_64\bin\jli.dll
0x00007fffcfbe0000 - 0x00007fffcfe7c000 	C:\windows\WinSxS\amd64_microsoft.windows.common-controls_6595b64144ccf1df_6.0.22621.6060_none_2712eda17382d24b\COMCTL32.dll
0x00007fffd46b0000 - 0x00007fffd46ce000 	c:\Users\Eyobw\.cursor\extensions\redhat.java-1.50.0-win32-x64\jre\21.0.9-win32-x86_64\bin\VCRUNTIME140.dll
0x00007fffef2c0000 - 0x00007fffef472000 	C:\windows\System32\USER32.dll
0x00007fffee540000 - 0x00007fffee5e7000 	C:\windows\System32\msvcrt.dll
0x00007fffedd00000 - 0x00007fffedd26000 	C:\windows\System32\win32u.dll
0x00007fffee1d0000 - 0x00007fffee1f9000 	C:\windows\System32\GDI32.dll
0x00007fffedb20000 - 0x00007fffedc43000 	C:\windows\System32\gdi32full.dll
0x00007fffed940000 - 0x00007fffed9da000 	C:\windows\System32\msvcp_win.dll
0x00007fffeeac0000 - 0x00007fffeeaf1000 	C:\windows\System32\IMM32.DLL
0x00007fffe8d50000 - 0x00007fffe8d5c000 	c:\Users\Eyobw\.cursor\extensions\redhat.java-1.50.0-win32-x64\jre\21.0.9-win32-x86_64\bin\vcruntime140_1.dll
0x00007fffcb400000 - 0x00007fffcb48d000 	c:\Users\Eyobw\.cursor\extensions\redhat.java-1.50.0-win32-x64\jre\21.0.9-win32-x86_64\bin\msvcp140.dll
0x00007fff28110000 - 0x00007fff28eb0000 	c:\Users\Eyobw\.cursor\extensions\redhat.java-1.50.0-win32-x64\jre\21.0.9-win32-x86_64\bin\server\jvm.dll
0x00007fffef5b0000 - 0x00007fffef661000 	C:\windows\System32\ADVAPI32.dll
0x00007fffee490000 - 0x00007fffee538000 	C:\windows\System32\sechost.dll
0x00007fffedcd0000 - 0x00007fffedcf8000 	C:\windows\System32\bcrypt.dll
0x00007fffee610000 - 0x00007fffee728000 	C:\windows\System32\RPCRT4.dll
0x00007fffee410000 - 0x00007fffee481000 	C:\windows\System32\WS2_32.dll
0x00007fffed350000 - 0x00007fffed39d000 	C:\windows\SYSTEM32\POWRPROF.dll
0x00007fffe92c0000 - 0x00007fffe92f4000 	C:\windows\SYSTEM32\WINMM.dll
0x00007fffe52a0000 - 0x00007fffe52aa000 	C:\windows\SYSTEM32\VERSION.dll
0x00007fffed330000 - 0x00007fffed343000 	C:\windows\SYSTEM32\UMPDC.dll
0x00007fffec560000 - 0x00007fffec578000 	C:\windows\SYSTEM32\kernel.appcore.dll
0x00007fffdba40000 - 0x00007fffdba4a000 	c:\Users\Eyobw\.cursor\extensions\redhat.java-1.50.0-win32-x64\jre\21.0.9-win32-x86_64\bin\jimage.dll
0x00007fffe6490000 - 0x00007fffe66c3000 	C:\windows\SYSTEM32\DBGHELP.DLL
0x00007ffff0150000 - 0x00007ffff04e2000 	C:\windows\System32\combase.dll
0x00007fffee730000 - 0x00007fffee808000 	C:\windows\System32\OLEAUT32.dll
0x00007fffd2f10000 - 0x00007fffd2f42000 	C:\windows\SYSTEM32\dbgcore.DLL
0x00007fffed8c0000 - 0x00007fffed93b000 	C:\windows\System32\bcryptPrimitives.dll
0x00007fffd9220000 - 0x00007fffd922f000 	c:\Users\Eyobw\.cursor\extensions\redhat.java-1.50.0-win32-x64\jre\21.0.9-win32-x86_64\bin\instrument.dll
0x00007fffd1f90000 - 0x00007fffd1fb0000 	c:\Users\Eyobw\.cursor\extensions\redhat.java-1.50.0-win32-x64\jre\21.0.9-win32-x86_64\bin\java.dll
0x00007fffef810000 - 0x00007ffff00ae000 	C:\windows\System32\SHELL32.dll
0x00007fffed9e0000 - 0x00007fffedb1f000 	C:\windows\System32\wintypes.dll
0x00007fffeb4c0000 - 0x00007fffebdd8000 	C:\windows\SYSTEM32\windows.storage.dll
0x00007fffef0e0000 - 0x00007fffef1e4000 	C:\windows\System32\SHCORE.dll
0x00007fffef490000 - 0x00007fffef4f9000 	C:\windows\System32\shlwapi.dll
0x00007fffed560000 - 0x00007fffed585000 	C:\windows\SYSTEM32\profapi.dll
0x00007fffd1bb0000 - 0x00007fffd1bc8000 	c:\Users\Eyobw\.cursor\extensions\redhat.java-1.50.0-win32-x64\jre\21.0.9-win32-x86_64\bin\zip.dll
0x00007fffd50c0000 - 0x00007fffd50d0000 	C:\Users\Eyobw\.cursor\extensions\redhat.java-1.50.0-win32-x64\jre\21.0.9-win32-x86_64\bin\net.dll
0x00007fffe94f0000 - 0x00007fffe961c000 	C:\windows\SYSTEM32\WINHTTP.dll
0x00007fffeca90000 - 0x00007fffecaf9000 	C:\windows\system32\mswsock.dll
0x00007fffce070000 - 0x00007fffce086000 	C:\Users\Eyobw\.cursor\extensions\redhat.java-1.50.0-win32-x64\jre\21.0.9-win32-x86_64\bin\nio.dll
0x00007fffd4fe0000 - 0x00007fffd4ff0000 	c:\Users\Eyobw\.cursor\extensions\redhat.java-1.50.0-win32-x64\jre\21.0.9-win32-x86_64\bin\verify.dll
0x00007fffcbf70000 - 0x00007fffcbfb4000 	C:\Users\Eyobw\AppData\Roaming\Cursor\User\globalStorage\redhat.java\1.50.0\config_win\org.eclipse.equinox.launcher\org.eclipse.equinox.launcher.win32.win32.x86_64_1.2.1400.v20250801-0854\eclipse_11916.dll
0x00007fffef670000 - 0x00007fffef810000 	C:\windows\System32\ole32.dll

JVMTI agents:
c:\Users\Eyobw\.cursor\extensions\redhat.java-1.50.0-win32-x64\lombok\lombok-1.18.39-4050.jar path:c:\Users\Eyobw\.cursor\extensions\redhat.java-1.50.0-win32-x64\jre\21.0.9-win32-x86_64\bin\instrument.dll, loaded, initialized, instrumentlib options:none

dbghelp: loaded successfully - version: 4.0.5 - missing functions: none
symbol engine: initialized successfully - sym options: 0x614 - pdb path: .;c:\Users\Eyobw\.cursor\extensions\redhat.java-1.50.0-win32-x64\jre\21.0.9-win32-x86_64\bin;C:\windows\SYSTEM32;C:\windows\WinSxS\amd64_microsoft.windows.common-controls_6595b64144ccf1df_6.0.22621.6060_none_2712eda17382d24b;c:\Users\Eyobw\.cursor\extensions\redhat.java-1.50.0-win32-x64\jre\21.0.9-win32-x86_64\bin\server;C:\Users\Eyobw\AppData\Roaming\Cursor\User\globalStorage\redhat.java\1.50.0\config_win\org.eclipse.equinox.launcher\org.eclipse.equinox.launcher.win32.win32.x86_64_1.2.1400.v20250801-0854

VM Arguments:
jvm_args: --add-modules=ALL-SYSTEM --add-opens=java.base/java.util=ALL-UNNAMED --add-opens=java.base/java.lang=ALL-UNNAMED --add-opens=java.base/sun.nio.fs=ALL-UNNAMED -Declipse.application=org.eclipse.jdt.ls.core.id1 -Dosgi.bundles.defaultStartLevel=4 -Declipse.product=org.eclipse.jdt.ls.core.product -Djava.import.generatesMetadataFilesAtProjectRoot=false -DDetectVMInstallationsJob.disabled=true -Dfile.encoding=utf8 -XX:+UseParallelGC -XX:GCTimeRatio=4 -XX:AdaptiveSizePolicyWeight=90 -Dsun.zip.disableMemoryMapping=true -Xmx2G -Xms100m -Xlog:disable -javaagent:c:\Users\Eyobw\.cursor\extensions\redhat.java-1.50.0-win32-x64\lombok\lombok-1.18.39-4050.jar -XX:+HeapDumpOnOutOfMemoryError -XX:HeapDumpPath=c:\Users\Eyobw\AppData\Roaming\Cursor\User\workspaceStorage\d8b2d7c7dea5ad9399a945923a99e005\redhat.java -Daether.dependencyCollector.impl=bf 
java_command: c:\Users\Eyobw\.cursor\extensions\redhat.java-1.50.0-win32-x64\server\plugins\org.eclipse.equinox.launcher_1.7.100.v20251111-0406.jar -configuration c:\Users\Eyobw\AppData\Roaming\Cursor\User\globalStorage\redhat.java\1.50.0\config_win -data c:\Users\Eyobw\AppData\Roaming\Cursor\User\workspaceStorage\d8b2d7c7dea5ad9399a945923a99e005\redhat.java\jdt_ws --pipe=\\.\pipe\lsp-83556af2edb4b69b1575014dcb67831e-sock
java_class_path (initial): c:\Users\Eyobw\.cursor\extensions\redhat.java-1.50.0-win32-x64\server\plugins\org.eclipse.equinox.launcher_1.7.100.v20251111-0406.jar
Launcher Type: SUN_STANDARD

[Global flags]
    uintx AdaptiveSizePolicyWeight                 = 90                                        {product} {command line}
     intx CICompilerCount                          = 4                                         {product} {ergonomic}
    uintx GCTimeRatio                              = 4                                         {product} {command line}
     bool HeapDumpOnOutOfMemoryError               = true                                   {manageable} {command line}
    ccstr HeapDumpPath                             = c:\Users\Eyobw\AppData\Roaming\Cursor\User\workspaceStorage\d8b2d7c7dea5ad9399a945923a99e005\redhat.java         {manageable} {command line}
   size_t InitialHeapSize                          = 104857600                                 {product} {command line}
   size_t MaxHeapSize                              = 2147483648                                {product} {command line}
   size_t MaxNewSize                               = 715653120                                 {product} {ergonomic}
   size_t MinHeapDeltaBytes                        = 524288                                    {product} {ergonomic}
   size_t MinHeapSize                              = 104857600                                 {product} {command line}
   size_t NewSize                                  = 34603008                                  {product} {ergonomic}
    uintx NonNMethodCodeHeapSize                   = 5839372                                {pd product} {ergonomic}
    uintx NonProfiledCodeHeapSize                  = 122909434                              {pd product} {ergonomic}
   size_t OldSize                                  = 70254592                                  {product} {ergonomic}
    uintx ProfiledCodeHeapSize                     = 122909434                              {pd product} {ergonomic}
    uintx ReservedCodeCacheSize                    = 251658240                              {pd product} {ergonomic}
     bool SegmentedCodeCache                       = true                                      {product} {ergonomic}
   size_t SoftMaxHeapSize                          = 2147483648                             {manageable} {ergonomic}
     bool UseCompressedOops                        = true                           {product lp64_product} {ergonomic}
     bool UseLargePagesIndividualAllocation        = false                                  {pd product} {ergonomic}
     bool UseParallelGC                            = true                                      {product} {command line}

Logging:
Log output configuration:
 #0: stdout all=off uptime,level,tags foldmultilines=false
 #1: stderr all=off uptime,level,tags foldmultilines=false

Release file:
JAVA_VERSION="21.0.9" 
MODULES="java.base java.compiler java.datatransfer java.xml java.prefs java.desktop java.instrument java.logging java.management java.security.sasl java.naming java.rmi java.management.rmi java.net.http java.scripting java.security.jgss java.transaction.xa java.sql java.sql.rowset java.xml.crypto java.se java.smartcardio jdk.accessibility jdk.internal.jvmstat jdk.attach jdk.charsets jdk.internal.opt jdk.zipfs jdk.compiler jdk.crypto.ec jdk.crypto.cryptoki jdk.crypto.mscapi jdk.dynalink jdk.internal.ed jdk.editpad jdk.hotspot.agent jdk.httpserver jdk.internal.le jdk.internal.vm.ci jdk.internal.vm.compiler jdk.internal.vm.compiler.management jdk.jartool jdk.javadoc jdk.jcmd jdk.management jdk.management.agent jdk.jconsole jdk.jdeps jdk.jdwp.agent jdk.jdi jdk.jfr jdk.jshell jdk.jsobject jdk.jstatd jdk.localedata jdk.management.jfr jdk.naming.dns jdk.naming.rmi jdk.net jdk.nio.mapmode jdk.random jdk.sctp jdk.security.auth jdk.security.jgss jdk.unsupported jdk.unsupported.desktop jdk.xml.dom" 

Environment Variables:
CLASSPATH=%CLASSPATH%;C:\Program Files\Java\jdk-23\lib\sqlite-jdbc-3.49.1.0.jar
PATH=C:\Program Files\Python313\Scripts\;C:\Program Files\Python313\;C:\Program Files\Common Files\Oracle\Java\javapath;C:\windows\system32;C:\windows;C:\windows\System32\Wbem;C:\windows\System32\WindowsPowerShell\v1.0\;C:\windows\System32\OpenSSH\;C:\Program Files\HP\HP One Agent;C:\Program Files (x86)\Microsoft SQL Server\160\DTS\Binn\;C:\Program Files (x86)\Microsoft SQL Server\160\Tools\Binn\;C:\Program Files\Microsoft SQL Server\160\Tools\Binn\;C:\Program Files\Microsoft SQL Server\Client SDK\ODBC\170\Tools\Binn\;C:\Program Files\Microsoft SQL Server\160\DTS\Binn\;C:\Program Files\Git\cmd;C:\Program Files\CMake\bin;C:\Users\Eyobw\AppData\Local\Programs\Python\Python310\Scripts\;C:\Users\Eyobw\AppData\Local\Programs\Python\Python310\;C:\Users\Eyobw\AppData\Local\Microsoft\WindowsApps;C:\Users\Eyobw\AppData\Local\Programs\Microsoft VS Code\bin;C:\msys64\ucrt64\bin;C:\msys64\mingw64\bin;C:\Users\Eyobw\OneDrive\Desktop\udemmy  yoo\Udemy downloader\Udemy downloader;C:\ProgramData\Eyobw\GitHubDesktop\bin;C:\Users\Eyobw\AppData\Local\GitHubDesktop\bin;C:\Users\Eyobw\AppData\Roaming\npm;C:\ProgramData\Chocolatey\bin;c:\Users\Eyobw\AppData\Local\Programs\cursor\resources\app\bin;C:\Program Files\Go\bin;C:\Program Files\nodejs\;C:\Program Files\Docker\Docker\resources\bin;C:\masm32\bin;C:\Program Files\cursor\resources\app\bin;C:\Program Files\Python313\Scripts\;C:\Program Files\Python313\;C:\Program Files\Common Files\Oracle\Java\javapath;C:\windows\system32;C:\windows;C:\windows\System32\Wbem;C:\windows\System32\WindowsPowerShell\v1.0\;C:\windows\System32\OpenSSH\;C:\Program Files\HP\HP One Agent;C:\Program Files (x86)\Microsoft SQL Server\160\DTS\Binn\;C:\Program Files (x86)\Microsoft SQL Server\160\Tools\Binn\;C:\Program Files\Microsoft SQL Server\160\Tools\Binn\;C:\Program Files\Microsoft SQL Server\Client SDK\ODBC\170\Tools\Binn\;C:\Program Files\Microsoft SQL Server\160\DTS\Binn\;C:\Program Files\Git\cmd;C:\Program Files\CMake\bin;C:\Users\Eyobw\AppData\Local\Programs\Python\Python310\Scripts\;C:\Users\Eyobw\AppData\Local\Programs\Python\Python310\;C:\Users\Eyobw\AppData\Local\Microsoft\WindowsApps;C:\Users\Eyobw\AppData\Local\Programs\Microsoft VS Code\bin;C:\msys64\ucrt64\bin;C:\msys64\mingw64\bin;C:\Users\Eyobw\OneDrive\Desktop\udemmy  yoo\Udemy downloader\Udemy downloader;C:\ProgramData\Eyobw\GitHubDesktop\bin;C:\Users\E;C:\Users\Eyobw\AppData\Local\Programs\Antigravity\bin;C:\Users\Eyobw\AppData\Local\Programs\Windsurf\bin
USERNAME=Eyobw
OS=Windows_NT
PROCESSOR_IDENTIFIER=AMD64 Family 25 Model 80 Stepping 0, AuthenticAMD
TMP=C:\Users\Eyobw\AppData\Local\Temp
TEMP=C:\Users\Eyobw\AppData\Local\Temp




Periodic native trim disabled

---------------  S Y S T E M  ---------------

OS:
 Windows 11 , 64 bit Build 22621 (10.0.22621.5415)
OS uptime: 3 days 6:08 hours
Hyper-V role detected

CPU: total 12 (initial active 12) (12 cores per cpu, 2 threads per core) family 25 model 80 stepping 0 microcode 0x0, cx8, cmov, fxsr, ht, mmx, 3dnowpref, sse, sse2, sse3, ssse3, sse4a, sse4.1, sse4.2, popcnt, lzcnt, tsc, tscinvbit, avx, avx2, aes, erms, clmul, bmi1, bmi2, adx, sha, fma, vzeroupper, clflush, clflushopt, hv, rdtscp, rdpid, fsrm, f16c, cet_ss
Processor Information for the first 12 processors :
  Max Mhz: 2301, Current Mhz: 2301, Mhz Limit: 2301

Memory: 4k page, system-wide physical 7488M (203M free)
TotalPageFile size 30016M (AvailPageFile size 88M)
current process WorkingSet (physical memory assigned to process): 112M, peak: 112M
current process commit charge ("private bytes"): 258M, peak: 258M

vm_info: OpenJDK 64-Bit Server VM (21.0.9+10-LTS) for windows-amd64 JRE (21.0.9+10-LTS), built on 2025-10-21T00:00:00Z by "admin" with unknown MS VC++:1942

END.
